{"keep_adjusted_clicks":{"s251":26.3636363636,"s358":19.4347826087,"s373":21.4285714286,"s445":16.4736842105,"s465":4.0,"s471":47.8947368421,"s483":42.4285714286,"s491":38.125,"s495":33.0869565217,"s497":19.3076923077,"s499":41.0,"s512":34.84,"s526":38.0,"s541":28.8260869565,"s546":48.8,"s548":3.7,"s549":11.2666666667,"s553":33.6363636364,"s555":13.8461538462,"s556":17.68,"s557":34.0,"s561":55.7857142857,"s567":13.56,"s570":23.0952380952,"s572":39.7142857143,"s573":3.3666666667,"s574":20.7307692308,"s579":21.7619047619,"s581":35.0,"s582":20.9565217391,"s583":42.4347826087,"s584":17.75,"s585":41.0,"s586":48.3333333333,"s587":15.4074074074,"s589":50.0,"s592":15.0769230769,"s593":26.380952381,"s595":29.0384615385,"s596":19.2727272727,"s598":47.95,"s601":40.7647058824,"s605":0.9,"s606":18.875,"s607":8.0,"s608":49.0526315789,"s609":26.3333333333,"s611":37.5789473684,"s612":12.4642857143,"s613":16.4782608696,"s615":64.0454545455,"s616":39.0,"s617":36.25,"s618":40.4,"s619":5.6,"s621":67.0,"s622":22.04,"s624":58.7333333333,"s626":2.8333333333,"s627":15.625,"s629":4.7142857143,"s631":50.5,"s633":21.32,"s634":43.9473684211,"s635":51.7222222222,"s636":8.32,"s637":42.2222222222,"s640":39.1904761905,"s641":62.6153846154,"s642":12.9545454545,"s644":47.3684210526,"s645":34.7391304348,"s646":11.8181818182,"s647":25.0,"s648":50.1764705882,"s649":10.7307692308},"keep_coef_of_variation":{"s251":7.8954203395,"s358":8.6435792615,"s373":14.3046963835,"s445":31.1365601844,"s465":5.2235729425,"s471":21.3122154249,"s483":11.4402412946,"s491":7.5,"s495":11.2084101682,"s497":19.6260423535,"s499":33.4826956664,"s512":11.1716904122,"s526":10.1825444034,"s541":7.6434890529,"s546":12.4291677326,"s548":9.6958931939,"s549":1.2015315896,"s553":8.9418515955,"s555":3.6953192846,"s556":10.6876876202,"s557":8.94427191,"s561":8.8594024059,"s567":8.9026213368,"s570":3.3151887111,"s572":15.9816859472,"s573":3.6053918753,"s574":22.8815343757,"s579":5.8387050097,"s581":13.8602042971,"s582":8.1267138661,"s583":10.8369153904,"s584":4.2349477693,"s585":13.9403491109,"s586":17.1241961925,"s587":3.7133776793,"s589":4.1028445417,"s592":7.6572740681,"s593":4.587768417,"s595":10.7869579372,"s596":7.9173216863,"s598":9.281985949,"s601":2.7048431508,"s605":0.3051285766,"s606":10.4186809647,"s607":11.2283980637,"s608":11.6546303827,"s609":3.0713731999,"s611":16.0738427594,"s612":6.8339140288,"s613":9.7508487519,"s615":7.4416925413,"s616":9.2117936829,"s617":9.8565802342,"s618":6.7696803048,"s619":1.8307714598,"s621":20.3100960116,"s622":9.1582385497,"s624":13.6458610505,"s626":2.6533431525,"s627":11.6313388515,"s629":3.9333064298,"s631":7.9202758305,"s633":9.8434411327,"s634":2.3207681729,"s635":18.2299222532,"s636":6.932532005,"s637":17.8079808796,"s640":11.5352461942,"s641":14.3616297911,"s642":4.0646826471,"s644":21.797580208,"s645":10.0463353396,"s646":4.7673129462,"s647":10.5294617724,"s648":21.9779301065,"s649":5.7588727529},"keep_loss_percent":{"s251":0.2666666667,"s358":0.2333333333,"s373":0.0666666667,"s445":0.3666666667,"s465":0.0333333333,"s471":0.3666666667,"s483":0.5333333333,"s491":0.4666666667,"s495":0.2333333333,"s497":0.1333333333,"s499":0.6,"s512":0.1666666667,"s526":0.3333333333,"s541":0.2333333333,"s546":0.3333333333,"s548":0.0,"s549":0.0,"s553":0.2666666667,"s555":0.1333333333,"s556":0.1666666667,"s557":0.5,"s561":0.5333333333,"s567":0.1666666667,"s570":0.3,"s572":0.3,"s573":0.0,"s574":0.1333333333,"s579":0.3,"s581":0.3333333333,"s582":0.2333333333,"s583":0.2333333333,"s584":0.2,"s585":0.3666666667,"s586":0.5,"s587":0.1,"s589":0.5666666667,"s592":0.1333333333,"s593":0.3,"s595":0.1333333333,"s596":0.2666666667,"s598":0.3333333333,"s601":0.4333333333,"s605":0.0,"s606":0.2,"s607":0.1,"s608":0.3666666667,"s609":0.3,"s611":0.3666666667,"s612":0.0666666667,"s613":0.2333333333,"s615":0.2666666667,"s616":0.2666666667,"s617":0.2,"s618":0.5,"s619":0.0,"s621":0.5666666667,"s622":0.1666666667,"s624":0.5,"s626":0.0,"s627":0.2,"s629":0.0666666667,"s631":0.5333333333,"s633":0.1666666667,"s634":0.3666666667,"s635":0.4,"s636":0.1666666667,"s637":0.4,"s640":0.3,"s641":0.5666666667,"s642":0.2666666667,"s644":0.3666666667,"s645":0.2333333333,"s646":0.2666666667,"s647":0.2,"s648":0.4333333333,"s649":0.1333333333},"keep_score":{"s251":550.0,"s358":423.0,"s373":555.0,"s445":313.0,"s465":109.0,"s471":826.0,"s483":563.0,"s491":560.0,"s495":720.0,"s497":494.0,"s499":478.0,"s512":824.0,"s526":710.0,"s541":643.0,"s546":924.0,"s548":111.0,"s549":324.0,"s553":691.0,"s555":345.0,"s556":431.0,"s557":493.0,"s561":738.0,"s567":331.0,"s570":465.0,"s572":804.0,"s573":101.0,"s574":539.0,"s579":438.0,"s581":650.0,"s582":455.0,"s583":932.0,"s584":409.0,"s585":754.0,"s586":694.0,"s587":404.0,"s589":600.0,"s592":370.0,"s593":517.0,"s595":730.0,"s596":393.0,"s598":902.0,"s601":654.0,"s605":26.0,"s606":440.0,"s607":215.0,"s608":875.0,"s609":526.0,"s611":661.0,"s612":311.0,"s613":362.0,"s615":1339.0,"s616":818.0,"s617":843.0,"s618":565.0,"s619":163.0,"s621":814.0,"s622":529.0,"s624":812.0,"s626":85.0,"s627":368.0,"s629":123.0,"s631":659.0,"s633":518.0,"s634":790.0,"s635":859.0,"s636":208.0,"s637":707.0,"s640":786.0,"s641":737.0,"s642":272.0,"s644":865.0,"s645":763.0,"s646":250.0,"s647":570.0,"s648":803.0,"s649":270.0},"release_adjusted_clicks":{"s251":21.6666666667,"s358":28.0,"s373":13.3913043478,"s445":0.6,"s465":9.48,"s471":29.6315789474,"s483":27.9333333333,"s491":23.0,"s495":23.6842105263,"s497":6.724137931,"s499":25.5,"s512":26.5,"s526":23.0555555556,"s541":13.9130434783,"s546":33.1176470588,"s548":1.3333333333,"s549":10.8846153846,"s553":10.1363636364,"s555":9.2173913043,"s556":6.9545454545,"s557":44.9090909091,"s561":31.0666666667,"s567":9.68,"s570":11.9047619048,"s572":23.1333333333,"s573":1.724137931,"s574":2.5925925926,"s579":26.4761904762,"s581":23.8095238095,"s582":16.2380952381,"s583":24.6818181818,"s584":12.0,"s585":26.45,"s586":28.2105263158,"s587":12.48,"s589":26.7058823529,"s592":9.6538461538,"s593":16.5909090909,"s595":16.3636363636,"s596":29.6666666667,"s598":21.875,"s601":25.6842105263,"s605":0.8666666667,"s606":17.8571428571,"s607":8.7083333333,"s608":20.1333333333,"s609":39.0588235294,"s611":42.5714285714,"s612":20.3333333333,"s613":23.2352941176,"s615":37.4666666667,"s616":28.95,"s617":12.25,"s618":32.1875,"s619":7.2962962963,"s621":23.3181818182,"s622":16.3333333333,"s624":41.2727272727,"s626":2.6666666667,"s627":9.88,"s629":2.0714285714,"s631":37.1176470588,"s633":19.5294117647,"s634":51.15,"s635":34.8823529412,"s636":5.037037037,"s637":49.1052631579,"s640":36.380952381,"s641":41.1052631579,"s642":22.1666666667,"s644":35.7894736842,"s645":16.5555555556,"s646":13.9090909091,"s647":25.75,"s648":35.45,"s649":8.5},"release_coef_of_variation":{"s251":6.2042528658,"s358":4.8218253805,"s373":8.5106304138,"s445":3.286335345,"s465":2.5350871122,"s471":12.356781882,"s483":6.0292935699,"s491":6.49175301,"s495":5.9540148134,"s497":5.1678715688,"s499":24.9499498997,"s512":10.2726002448,"s526":8.7680719071,"s541":3.5791446855,"s546":2.8914173199,"s548":4.1881057634,"s549":1.9662537593,"s553":2.7306977051,"s555":2.8277283163,"s556":4.3036780806,"s557":14.0317821067,"s561":1.6676187757,"s567":6.1625211291,"s570":2.4880667576,"s572":6.1628688434,"s573":1.830233235,"s574":6.4704016001,"s579":6.4778009202,"s581":6.3057041448,"s582":5.9825142031,"s583":2.398141416,"s584":5.027922036,"s585":11.5689011442,"s586":12.2591414751,"s587":2.3295206946,"s589":8.0059720356,"s592":4.2326569215,"s593":5.5175830708,"s595":4.1120665011,"s596":15.9631929579,"s598":6.731765494,"s601":1.2495613265,"s605":0.3457459036,"s606":7.0064218464,"s607":9.0864407662,"s608":6.2205496618,"s609":0.5557189302,"s611":11.8886777793,"s612":0.5646597026,"s613":14.1267893193,"s615":2.8250579429,"s616":6.9847578416,"s617":5.4633164,"s618":7.5208044782,"s619":4.0365142504,"s621":8.2887552264,"s622":8.8336477931,"s624":13.6535043787,"s626":1.8810798863,"s627":5.1423081718,"s629":2.3242453403,"s631":8.006890415,"s633":8.5813580442,"s634":12.8688730951,