{"Attentional":{"s061":4.0,"s130":4.2,"s172":3.2,"s192":4.0,"s251":4.0,"s358":3.9333333333,"s445":4.8666666667,"s465":4.0,"s471":5.1333333333,"s483":5.6666666667,"s491":3.6,"s495":3.3333333333,"s497":3.2666666667,"s499":4.6,"s512":4.7333333333,"s513":5.1333333333,"s519":5.5333333333,"s524":2.2,"s526":3.6,"s541":5.2666666667,"s546":6.4,"s548":6.4,"s549":3.1333333333,"s553":5.1333333333,"s554":4.6,"s555":3.2666666667,"s556":4.3333333333,"s557":3.6666666667,"s561":5.4,"s567":4.6666666667,"s570":4.9333333333,"s572":3.6,"s573":3.1333333333,"s574":4.7333333333,"s579":5.7333333333,"s581":3.5333333333,"s582":5.1333333333,"s583":2.9333333333,"s584":3.9333333333,"s585":4.7333333333,"s586":5.1333333333,"s587":4.8666666667,"s589":4.2666666667,"s593":3.6,"s594":4.8666666667,"s595":3.6,"s596":3.8,"s597":3.8666666667,"s598":5.0666666667,"s601":3.4666666667,"s604":3.4,"s605":5.4,"s606":3.3333333333,"s607":2.6,"s608":3.8666666667,"s609":4.2666666667,"s611":4.4,"s612":5.4666666667,"s613":4.5333333333,"s615":4.2,"s616":2.9333333333,"s617":4.1333333333,"s618":3.4,"s619":3.2666666667,"s621":5.7333333333,"s622":3.9333333333,"s624":4.6666666667,"s626":4.7333333333,"s627":3.3333333333,"s629":3.0666666667,"s631":5.2,"s633":4.6,"s634":5.2666666667,"s635":4.0,"s636":4.7333333333,"s637":2.9333333333,"s638":5.0666666667,"s640":3.7333333333,"s641":3.3333333333,"s642":5.4666666667,"s644":5.2666666667,"s645":3.6,"s646":5.8,"s647":4.8,"s648":4.2666666667,"s649":2.5333333333,"s650":4.0},"Motor":{"s061":4.2857142857,"s130":3.4285714286,"s172":4.0357142857,"s192":3.7142857143,"s251":4.6428571429,"s358":4.1071428571,"s445":3.1428571429,"s465":2.8928571429,"s471":5.1071428571,"s483":3.8214285714,"s491":3.0357142857,"s495":3.1071428571,"s497":3.7142857143,"s499":5.1785714286,"s512":4.1428571429,"s513":4.2857142857,"s519":3.4285714286,"s524":2.7857142857,"s526":4.5714285714,"s541":4.6071428571,"s546":3.8214285714,"s548":6.0,"s549":3.2857142857,"s553":5.3928571429,"s554":5.2857142857,"s555":4.3571428571,"s556":5.25,"s557":3.7142857143,"s561":4.7142857143,"s567":4.6785714286,"s570":3.7142857143,"s572":4.1428571429,"s573":4.1785714286,"s574":4.3214285714,"s579":3.8928571429,"s581":2.5714285714,"s582":4.1785714286,"s583":5.1428571429,"s584":4.6071428571,"s585":4.75,"s586":4.1428571429,"s587":5.0357142857,"s589":4.8214285714,"s593":3.0714285714,"s594":3.9285714286,"s595":3.0357142857,"s596":4.1071428571,"s597":3.2142857143,"s598":3.4642857143,"s601":4.5,"s604":4.0357142857,"s605":3.6428571429,"s606":3.1785714286,"s607":3.5714285714,"s608":3.6071428571,"s609":4.7857142857,"s611":4.1071428571,"s612":5.3214285714,"s613":4.9642857143,"s615":5.0,"s616":3.2857142857,"s617":3.2142857143,"s618":4.25,"s619":4.1785714286,"s621":3.75,"s622":3.8928571429,"s624":4.3928571429,"s626":5.3214285714,"s627":4.5,"s629":2.4285714286,"s631":6.2142857143,"s633":3.9285714286,"s634":4.8214285714,"s635":4.1428571429,"s636":4.8928571429,"s637":3.4642857143,"s638":5.2857142857,"s640":4.1071428571,"s641":3.1071428571,"s642":4.0,"s644":4.75,"s645":3.7857142857,"s646":5.3571428571,"s647":2.6785714286,"s648":3.6428571429,"s649":2.6785714286,"s650":4.25},"Nonplanning":{"s061":4.6,"s130":3.8333333333,"s172":3.2666666667,"s192":4.2,"s251":4.7666666667,"s358":4.9333333333,"s445":3.8666666667,"s465":3.7333333333,"s471":4.0,"s483":3.6666666667,"s491":2.9666666667,"s495":3.3333333333,"s497":4.0333333333,"s499":4.5333333333,"s512":4.5333333333,"s513":5.2333333333,"s519":4.0666666667,"s524":2.4,"s526":4.6333333333,"s541":5.3,"s546":5.1,"s548":4.8,"s549":4.2333333333,"s553":6.0666666667,"s554":5.9333333333,"s555":4.5,"s556":4.5333333333,"s557":3.4666666667,"s561":5.4,"s567":3.8,"s570":4.5666666667,"s572":3.4666666667,"s573":4.2,"s574":5.6,"s579":5.1,"s581":3.1,"s582":3.1,"s583":4.1666666667,"s584":4.1,"s585":5.0666666667,"s586":5.8,"s587":4.9666666667,"s589":2.9666666667,"s593":3.6333333333,"s594":5.6666666667,"s595":3.6333333333,"s596":3.4,"s597":4.3666666667,"s598":4.2,"s601":5.2333333333,"s604":3.8666666667,"s605":5.1,"s606":3.7333333333,"s607":3.5666666667,"s608":4.1,"s609":3.6333333333,"s611":5.1333333333,"s612":3.9666666667,"s613":6.2333333333,"s615":3.0666666667,"s616":3.1,"s617":3.6333333333,"s618":3.7,"s619":5.6666666667,"s621":5.6,"s622":4.3666666667,"s624":3.7,"s626":5.0666666667,"s627":3.5,"s629":3.3333333333,"s631":5.2666666667,"s633":3.4666666667,"s634":3.9666666667,"s635":3.1333333333,"s636":5.5,"s637":4.0333333333,"s638":5.2666666667,"s640":3.6666666667,"s641":2.5666666667,"s642":3.8333333333,"s644":5.3666666667,"s645":4.0,"s646":4.4,"s647":2.8666666667,"s648":3.4333333333,"s649":2.9333333333,"s650":4.3333333333},"first_order_attention":{"s061":2.0,"s130":2.2,"s172":1.2,"s192":2.0,"s251":2.0,"s358":1.6,"s445":2.2,"s465":2.0,"s471":1.8,"s483":3.0,"s491":1.6,"s495":2.0,"s497":1.6,"s499":2.6,"s512":2.4,"s513":2.8,"s519":2.2,"s524":1.2,"s526":1.6,"s541":2.6,"s546":2.4,"s548":3.4,"s549":1.8,"s553":2.8,"s554":2.6,"s555":1.6,"s556":2.0,"s557":2.0,"s561":2.4,"s567":2.0,"s570":2.6,"s572":1.6,"s573":1.8,"s574":2.4,"s579":2.4,"s581":1.2,"s582":1.8,"s583":1.6,"s584":1.6,"s585":2.4,"s586":2.8,"s587":2.2,"s589":1.6,"s593":1.6,"s594":2.2,"s595":1.6,"s596":1.8,"s597":2.2,"s598":2.4,"s601":1.8,"s604":1.4,"s605":2.4,"s606":1.0,"s607":1.6,"s608":2.2,"s609":1.6,"s611":2.4,"s612":2.8,"s613":2.2,"s615":2.2,"s616":1.6,"s617":1.8,"s618":1.4,"s619":1.6,"s621":3.4,"s622":1.6,"s624":2.0,"s626":2.4,"s627":2.0,"s629":1.4,"s631":2.2,"s633":1.6,"s634":2.6,"s635":2.0,"s636":2.4,"s637":1.6,"s638":2.4,"s640":1.4,"s641":2.0,"s642":2.8,"s644":2.6,"s645":1.6,"s646":2.8,"s647":2.8,"s648":1.6,"s649":1.2,"s650":2.0},"first_order_cognitive_complexity":{"s061":2.6,"s130":2.0,"s172":1.6,"s192":2.2,"s251":2.6,"s358":2.6,"s445":2.2,"s465":1.4,"s471":2.0,"s483":2.0,"s491":1.8,"s495":2.0,"s497":2.2,"s499":2.2,"s512":2.2,"s513":2.4,"s519":2.4,"s524":1.4,"s526":2.8,"s541":2.8,"s546":2.6,"s548":2.8,"s549":2.4,"s553":3.4,"s554":2.6,"s555":2.0,"s556":2.2,"s557":1.8,"s561":2.4,"s567":1.8,"s570":2.4,"s572":1.8,"s573":2.2,"s574":2.6,"s579":2.6,"s581":1.6,"s582":1.6,"s583":2.0,"s584":2.6,"s585":2.4,"s586":2.8,"s587":2.8,"s589":1.8,"s593":1.8,"s594":3.0,"s595":1.8,"s596":1.4,"s597":2.2,"s598":2.2,"s601":2.4,"s604":2.2,"s605":2.6,"s606":2.4,"s607":1.4,"s608":2.6,"s609":1.8,"s611":2.8,"s612":1.8,"s613":3.4,"s615":1.4,"s616":1.6,"s617":1.8,"s618":2.2,"s619":3.0,"s621":2.6,"s622":2.2,"s624":2.2,"s626":2.4,"s627":2.0,"s629":2.0,"s631":2.6,"s633":1.8,"s634":1.8,"s635":1.8,"s636":3.0,"s637":2.2,"s638":2.6,"s640":2.0,"s641":1.4,"s642":2.0,"s644":3.2,"s645":2.0,"s646":2.4,"s647":1.2,"s648":1.6,"s649":1.6,"s650":2.0},"first_order_cognitive_stability":{"s061":2.0,"s130":2.0,"s172":2.0,"s192":2.0,"s251":2.0,"s358":2.3333333333,"s445":2.6666666667,"s465":2.0,"s471":3.3333333333,"s483":2.6666666667,"s491":2.0,"s495":1.3333333333,"s497":1.6666666667,"s499":2.0,"s512":2.3333333333,"s513":2.3333333333,"s519":3.3333333333,"s524":1.0,"s526":2.0,"s541":2.6666666667,"s546":4.0,"s548":3.0,"s549":1.3333333333,"s553":2.3333333333,"s554":2.0,"s555":1.6666666667,"s556":2.3333333333,"s557":1.6666666667,"s561":3.0,"s567":2.6666666667,"s570":2.3333333333,"s572":2.0,"s573":1.3333333333,"s574":2.3333333333,"s579":3.3333333333,"s581":2.3333333333,"s582":3.3333333333,"s583":1.3333333333,"s584":2.3333333333,"s585":2.3333333333,"s586":2.3333333333,"s587":2.6666666667,"s589":2.6666666667,"s593":2.0,"s594":2.6666666667,"s595":2.0,"s596":2.0,"s597":1.6666666667,"s598":2.6666666667,"s601":1.6666666667,"s604":2.0,"s605":3.0,"s606":2.3333333333,"s607":1.0,"s608":1.6666666667,"s609":2.6666666667,"s611":2.0,"s612":2.6666666667,"s613":2.3333333333,"s615":2.0,"s616":1.3333333333,"s617":2.3333333333,"s618":2.0,"s619":1.6666666667,"s621":2.3333333333,"s622":2.3333333333,"s624":2.6666666667,"s626":2.3333333333,"s627":1.3333333333,"s629":1.6666666667,"s631":3.0,"s633":3.0,"s634":2.6666666667,"s635":2.0,"s636":2.3333333333,"s637":1.3333333333,"s638":2.6666666667,"s640":2.3333333333,"s641":1.3333333333,"s642":2.6666666667,