{"EZ_drift":{"s130":3.7135415239,"s172":3.5869762964,"s192":3.5283760066,"s251":3.3062556251,"s358":3.0498818342,"s373":3.0073081426,"s445":2.9929880715,"s465":2.4391152164,"s471":1.7800121417,"s483":3.0110925255,"s491":3.3528582038,"s495":4.879542173,"s497":1.6491225693,"s499":2.6572638129,"s512":4.2205619212,"s524":4.1255854806,"s526":3.399036997,"s541":2.5659798032,"s546":0.6778888376,"s548":3.5910314108,"s549":4.0390066159,"s553":4.2430499672,"s554":3.4193666415,"s555":5.2851538159,"s556":3.523745741,"s557":4.1132289875,"s558":3.4140121291,"s561":2.7419158654,"s570":4.2807071896,"s572":3.3332640917,"s573":3.4633204678,"s574":2.5361838504,"s579":3.8702153396,"s581":3.2196132529,"s583":3.3040334956,"s584":2.5297615298,"s585":3.5418408454,"s586":3.0901447051,"s587":3.4198125397,"s589":2.0523087122,"s593":3.4123691297,"s594":3.8180698547,"s595":3.1283799841,"s596":4.8002562972,"s597":4.2600673488,"s598":4.2235788754,"s601":4.3904757508,"s604":3.2199817934,"s605":3.0341885784,"s606":3.217232036,"s607":4.5840423912,"s608":2.329383363,"s609":3.5155240652,"s611":3.6435314589,"s612":-0.3954855526,"s613":2.0686022134,"s615":4.3212615675,"s616":3.4359418905,"s617":3.8505065951,"s618":3.0616302937,"s619":2.3162631267,"s621":3.6334236251,"s622":3.7241332577,"s624":3.7900542892,"s626":0.0954401956,"s627":4.6453149304,"s629":2.4355635661,"s631":4.2263231727,"s633":3.3323087612,"s634":3.6070934083,"s635":4.0032391903,"s636":2.107517728,"s637":2.9496769919,"s640":5.4165638903,"s641":3.7951448141,"s642":3.1084327893,"s644":2.312302978,"s645":4.3562771605,"s646":2.9969784899,"s647":3.2398511335,"s648":3.3473862835,"s649":1.2074038815},"EZ_non_decision":{"s130":0.2436028156,"s172":0.3123800667,"s192":0.2591166117,"s251":0.35040619,"s358":0.3004695965,"s373":0.3150007344,"s445":0.2230000786,"s465":0.4473063126,"s471":0.3813722395,"s483":0.1685992805,"s491":0.2806916399,"s495":0.2633841181,"s497":0.2621139509,"s499":0.296546174,"s512":0.3298569194,"s524":0.2734222442,"s526":0.2473579437,"s541":0.2871200513,"s546":0.2638324245,"s548":0.3068900784,"s549":0.2694592082,"s553":0.3362208488,"s554":0.3083423034,"s555":0.2798085804,"s556":0.3344067035,"s557":0.3465781556,"s558":0.3562086902,"s561":0.3481652473,"s570":0.277410624,"s572":0.3208119563,"s573":0.2116659083,"s574":0.3118524266,"s579":0.3721515284,"s581":0.3651133285,"s583":0.341437327,"s584":0.3342575666,"s585":0.2399157939,"s586":0.3686826228,"s587":0.3046240102,"s589":0.2833273677,"s593":0.2774626568,"s594":0.2478330476,"s595":0.2742632618,"s596":0.3193530527,"s597":0.3034525699,"s598":0.3787348923,"s601":0.2919485755,"s604":0.3644538982,"s605":0.2400982362,"s606":0.2920874938,"s607":0.335636385,"s608":0.3844467981,"s609":0.3037597197,"s611":0.2952784542,"s612":0.2044493997,"s613":0.2656966347,"s615":0.2779737844,"s616":0.2482751857,"s617":0.2953096828,"s618":0.2939804697,"s619":0.2434659536,"s621":0.2544103384,"s622":0.2888765237,"s624":0.3349668063,"s626":0.0470470129,"s627":0.329206253,"s629":0.2758614524,"s631":0.2451362788,"s633":0.2932434848,"s634":0.231019152,"s635":0.2725710519,"s636":0.2713805919,"s637":0.2091639487,"s640":0.3349774611,"s641":0.2391579305,"s642":0.3170898679,"s644":0.3699484807,"s645":0.3395489885,"s646":0.2663356678,"s647":0.2751196218,"s648":0.2672232467,"s649":0.2639826701},"EZ_thresh":{"s130":1.5350423677,"s172":1.0028815256,"s192":0.8152151331,"s251":1.0184620343,"s358":1.2760560932,"s373":1.6616894701,"s445":1.6718898259,"s465":1.5955869046,"s471":1.7775539359,"s483":1.6618374439,"s491":1.0729091545,"s495":1.1682332832,"s497":1.6215584573,"s499":1.2645998379,"s512":0.8523301702,"s524":0.9433376951,"s526":1.4721658841,"s541":1.9501113375,"s546":0.9784704816,"s548":1.3934565682,"s549":1.0656246702,"s553":1.0143800159,"s554":1.258731673,"s555":1.0785766644,"s556":1.2214459866,"s557":0.9461715625,"s558":1.1399550297,"s561":1.1565216866,"s570":1.1689531856,"s572":1.1675703428,"s573":1.4448406818,"s574":1.0870033593,"s579":0.7109514773,"s581":1.2087850286,"s583":1.51449624,"s584":0.9911525162,"s585":1.0988128682,"s586":1.0284482229,"s587":1.4632223983,"s589":1.0282143168,"s593":0.8408581369,"s594":0.9421808394,"s595":1.0763704688,"s596":0.8966323518,"s597":1.0103279457,"s598":1.184764498,"s601":1.1397275808,"s604":1.2086466781,"s605":1.1097846238,"s606":0.9878223873,"s607":0.9389234928,"s608":1.0889485606,"s609":1.4233855929,"s611":0.9873147251,"s612":1.147114495,"s613":1.3870807689,"s615":0.9006213203,"s616":1.6590628582,"s617":1.0107294201,"s618":0.9854013032,"s619":1.3720607964,"s621":1.1845756337,"s622":1.1557226327,"s624":0.7589298982,"s626":0.9531809699,"s627":0.837794715,"s629":0.999799106,"s631":0.9208525092,"s633":0.9537092923,"s634":0.9335205521,"s635":1.4222812748,"s636":1.3600237703,"s637":1.077424355,"s640":0.7946117096,"s641":1.1340977233,"s642":1.0223974735,"s644":1.3744106462,"s645":1.3085585153,"s646":1.0604192993,"s647":1.2012342968,"s648":1.4948816426,"s649":1.7654633445},"acc":{"s130":1.0,"s172":0.9733333333,"s192":0.9466666667,"s251":0.9666666667,"s358":0.98,"s373":0.9932885906,"s445":0.9933333333,"s465":0.98,"s471":0.9594594595,"s483":0.9933333333,"s491":0.9733333333,"s495":1.0,"s497":0.935483871,"s499":0.966442953,"s512":0.9733333333,"s524":0.98,"s526":0.9933333333,"s541":0.9933333333,"s546":0.66,"s548":0.9933333333,"s549":0.9866666667,"s553":0.9866666667,"s554":0.9866666667,"s555":1.0,"s556":0.9866666667,"s557":0.98,"s558":0.98,"s561":0.9597315436,"s570":0.9933333333,"s572":0.98,"s573":0.9933333333,"s574":0.9402985075,"s579":0.94,"s581":0.98,"s583":0.9933333333,"s584":0.9246575342,"s585":0.98,"s586":0.96,"s587":0.9933333333,"s589":0.8918918919,"s593":0.9463087248,"s594":0.9733333333,"s595":0.9666666667,"s596":0.9866666667,"s597":0.9866666667,"s598":0.9933333333,"s601":0.9933333333,"s604":0.98,"s605":0.9666666667,"s606":0.96,"s607":0.9866666667,"s608":0.9266666667,"s609":0.9933333333,"s611":0.9733333333,"s612":0.3958333333,"s613":0.9463087248,"s615":0.98,"s616":1.0,"s617":0.98,"s618":0.9533333333,"s619":0.96,"s621":0.9866666667,"s622":0.9866666667,"s624":0.9466666667,"s626":0.5266666667,"s627":0.98,"s629":0.9194630872,"s631":0.98,"s633":0.96,"s634":0.9666666667,"s635":1.0,"s636":0.9461538462,"s637":0.96,"s640":0.9866666667,"s641":0.9866666667,"s642":0.96,"s644":0.96,"s645":1.0,"s646":0.96,"s647":0.98,"s648":0.9933333333,"s649":0.8939393939},"avg_rt":{"s130":428.0,"s172":426.5,"s192":349.5,"s251":476.0,"s358":476.0,"s373":553.0,"s445":445.0,"s465":723.0,"s471":772.5,"s483":395.0,"s491":401.5,"s495":375.0,"s497":575.0,"s499":487.5,"s512":416.0,"s524":375.0,"s526":436.0,"s541":597.0,"s546":440.0,"s548":476.0,"s549":385.5,"s553":449.0,"s554":474.5,"s555":372.0,"s556":486.0,"s557":451.0,"s558":502.0,"s561":526.0,"s570":397.0,"s572":460.0,"s573":388.0,"s574":466.5,"s579":454.0,"s581":526.0,"s583":537.0,"s584":489.0,"s585":375.0,"s586":502.0,"s587":498.0,"s589":447.0,"s593":383.0,"s594":344.5,"s595":409.0,"s596":404.5,"s597":405.0,"s598":506.0,"s601":406.0,"s604":523.0,"s605":386.0,"s606":411.0,"s607":431.0,"s608":570.0,"s609":479.0,"s611":410.0,"s612":429.0,"s613":520.0,"s615":371.0,"s616":463.0,"s617":407.0,"s618":409.0,"s619":465.5,"s621":391.0,"s622":418.0,"s624":413.5,"s626":209.0,"s627":410.0,"s629":421.0,"s631":337.0,"s633":403.5,"s634":335.0,"s635":425.0,"s636":511.0,"s637":348.0,"s640":403.0,"s641":364.0,"s642":434.5,"s644":574.5,"s645":480.5,"s646":431.0,"s647":425.0,"s648":455.0,"s649":751.5},"avg_rt_error":{"s130":null,"s172":396.0,"s192":316.5,"s251":527.0,"s358":426.0,"s373":184.0,"s445":420.0,"s465":802.0,"s471":929.0,"s483":585.0,"s491":440.0,"s495":null,"s497":669.5,"s499":552.0,"s512":392.5,"s524":333.0,"s526":408.0,"s541":628.0,"s546":742.0,"s548":314.0,"s549":533.5,"s553":411.0,"s554":552.0,"s555":null,"s556":539.5,"s557":390.0,"s558":668.0,"s561":657.5,"s570":365.0,"s572":380.0,"s573":338.0,"s574":582.5,"s579":408.0,"s581":468.0,"s583":513.0,"s584":558.0,"s585":402.0,"s586":452.0,"s587":652.0,"s589":406.5,"s593":387.0,"s594":356.0,"s595":395.0,