{"correct_proportion":{"s130":0.8333333333,"s192":1.0,"s251":0.8333333333,"s358":0.5,"s373":0.3333333333,"s445":0.1666666667,"s465":1.0,"s471":0.3333333333,"s483":0.6666666667,"s491":1.0,"s495":1.0,"s497":0.3333333333,"s499":0.8333333333,"s512":0.3333333333,"s519":1.0,"s526":0.5,"s541":0.8333333333,"s546":0.8333333333,"s548":0.0,"s549":0.5,"s553":0.5,"s554":1.0,"s555":0.6666666667,"s556":0.6666666667,"s557":0.5,"s558":0.8333333333,"s561":0.8333333333,"s567":0.5,"s570":0.3333333333,"s572":0.8333333333,"s573":0.5,"s574":0.1666666667,"s579":0.6666666667,"s581":0.5,"s583":0.1666666667,"s584":0.0,"s585":0.1666666667,"s586":0.6666666667,"s587":0.1666666667,"s589":1.0,"s590":0.5,"s593":1.0,"s594":0.8333333333,"s595":0.8333333333,"s596":0.6666666667,"s597":1.0,"s598":0.8333333333,"s601":0.0,"s604":0.8333333333,"s605":0.5,"s606":0.6666666667,"s607":0.3333333333,"s608":1.0,"s609":0.8333333333,"s611":0.8333333333,"s612":0.5,"s613":0.3333333333,"s615":0.8333333333,"s616":0.5,"s617":0.6666666667,"s618":0.3333333333,"s619":0.3333333333,"s621":0.8333333333,"s622":1.0,"s624":0.6666666667,"s626":0.3333333333,"s627":1.0,"s629":0.3333333333,"s631":1.0,"s633":0.5,"s634":1.0,"s635":0.5,"s636":0.6666666667,"s637":1.0,"s640":0.6666666667,"s641":0.3333333333,"s642":0.8333333333,"s644":0.6666666667,"s645":0.8333333333,"s646":0.3333333333,"s647":0.8333333333,"s648":0.6666666667,"s649":0.8333333333,"s650":1.0},"intuitive_proportion":{"s130":0.1666666667,"s192":0.0,"s251":0.0,"s358":0.3333333333,"s373":0.6666666667,"s445":0.6666666667,"s465":0.0,"s471":0.5,"s483":0.1666666667,"s491":0.0,"s495":0.0,"s497":0.5,"s499":0.0,"s512":0.1666666667,"s519":0.0,"s526":0.5,"s541":0.1666666667,"s546":0.1666666667,"s548":0.1666666667,"s549":0.5,"s553":0.3333333333,"s554":0.0,"s555":0.1666666667,"s556":0.0,"s557":0.1666666667,"s558":0.0,"s561":0.0,"s567":0.3333333333,"s570":0.3333333333,"s572":0.0,"s573":0.1666666667,"s574":0.6666666667,"s579":0.3333333333,"s581":0.3333333333,"s583":0.3333333333,"s584":0.5,"s585":0.5,"s586":0.1666666667,"s587":0.5,"s589":0.0,"s590":0.5,"s593":0.0,"s594":0.0,"s595":0.1666666667,"s596":0.1666666667,"s597":0.0,"s598":0.1666666667,"s601":0.5,"s604":0.1666666667,"s605":0.1666666667,"s606":0.1666666667,"s607":0.1666666667,"s608":0.0,"s609":0.1666666667,"s611":0.1666666667,"s612":0.3333333333,"s613":0.5,"s615":0.1666666667,"s616":0.3333333333,"s617":0.1666666667,"s618":0.1666666667,"s619":0.3333333333,"s621":0.0,"s622":0.0,"s624":0.3333333333,"s626":0.5,"s627":0.0,"s629":0.5,"s631":0.0,"s633":0.5,"s634":0.0,"s635":0.3333333333,"s636":0.3333333333,"s637":0.0,"s640":0.1666666667,"s641":0.3333333333,"s642":0.1666666667,"s644":0.3333333333,"s645":0.1666666667,"s646":0.3333333333,"s647":0.1666666667,"s648":0.3333333333,"s649":0.0,"s650":0.0}}