{"avg_cards_chosen":{"s130":4.1666666667,"s192":6.7083333333,"s251":4.5,"s358":4.7083333333,"s445":25.7083333333,"s465":3.25,"s483":10.0416666667,"s491":4.0,"s495":4.75,"s497":10.5416666667,"s499":13.3333333333,"s512":16.125,"s524":7.0416666667,"s526":9.5416666667,"s541":3.2083333333,"s546":3.4166666667,"s548":16.625,"s549":1.5416666667,"s553":4.875,"s554":17.7916666667,"s555":2.2916666667,"s556":13.3333333333,"s557":10.7916666667,"s561":12.4583333333,"s570":4.9166666667,"s572":12.9166666667,"s573":2.1666666667,"s574":11.5833333333,"s577":8.3333333333,"s579":6.2083333333,"s581":8.625,"s583":9.3333333333,"s584":1.2916666667,"s585":12.9166666667,"s586":28.5833333333,"s587":2.1666666667,"s589":5.0833333333,"s590":1.1666666667,"s592":8.75,"s593":4.5416666667,"s594":7.5833333333,"s595":0.5416666667,"s596":6.75,"s597":3.8333333333,"s598":4.4166666667,"s601":13.0833333333,"s602":17.9166666667,"s604":6.4166666667,"s605":15.875,"s606":13.0416666667,"s607":1.875,"s608":0.9583333333,"s609":1.7083333333,"s611":10.9583333333,"s612":14.7916666667,"s613":9.0,"s615":6.4166666667,"s616":18.0833333333,"s617":2.375,"s618":8.0833333333,"s619":5.25,"s621":5.6666666667,"s622":4.5416666667,"s624":15.9583333333,"s626":11.9583333333,"s627":17.8333333333,"s629":11.2916666667,"s631":23.1666666667,"s633":9.5,"s634":5.0833333333,"s635":7.5833333333,"s636":5.4166666667,"s637":9.5416666667,"s640":14.5416666667,"s641":12.5416666667,"s642":9.7916666667,"s644":10.375,"s645":1.125,"s646":6.1666666667,"s647":13.7916666667,"s648":11.875,"s649":2.25,"s650":5.2083333333},"gain_sensitivity":{"s130":0.025,"s192":0.1625,"s251":7.285838599e-17,"s358":0.0375,"s445":-0.0291666667,"s465":0.0083333333,"s483":0.0791666667,"s491":0.1166666667,"s495":0.325,"s497":-0.0625,"s499":0.25,"s512":-0.0125,"s524":0.0791666667,"s526":0.1375,"s541":0.0958333333,"s546":0.0166666667,"s548":-0.0791666667,"s549":0.0208333333,"s553":-0.0041666667,"s554":0.1708333333,"s555":0.0375,"s556":0.1833333333,"s557":-0.0208333333,"s561":-0.0125,"s570":0.1416666667,"s572":0.0333333333,"s573":-0.0333333333,"s574":-0.0416666667,"s577":-0.15,"s579":0.1875,"s581":0.1041666667,"s583":0.1,"s584":0.0541666667,"s585":-0.0666666667,"s586":0.125,"s587":0.0083333333,"s589":0.1333333333,"s590":0.1,"s592":-0.1166666667,"s593":0.1625,"s594":0.0166666667,"s595":0.0125,"s596":0.1333333333,"s597":0.025,"s598":0.0166666667,"s601":0.1916666667,"s602":0.1166666667,"s604":0.15,"s605":0.0458333333,"s606":-0.0541666667,"s607":-0.0375,"s608":0.0208333333,"s609":0.1125,"s611":0.1291666667,"s612":0.0208333333,"s613":0.0166666667,"s615":0.225,"s616":0.0166666667,"s617":0.0375,"s618":1.110223025e-16,"s619":1.249000903e-16,"s621":0.1166666667,"s622":-0.0625,"s624":0.0208333333,"s626":-0.0791666667,"s627":0.0416666667,"s629":0.0041666667,"s631":0.025,"s633":0.0916666667,"s634":0.3166666667,"s635":0.0583333333,"s636":0.2916666667,"s637":0.0125,"s640":0.0625,"s641":0.0041666667,"s642":0.0958333333,"s644":0.2125,"s645":0.0708333333,"s646":0.0333333333,"s647":0.1625,"s648":0.0291666667,"s649":0.0666666667,"s650":0.0791666667},"information_use":{"s130":2.0,"s192":3.0,"s251":2.0,"s358":2.0,"s445":1.0,"s465":1.0,"s483":2.0,"s491":2.0,"s495":3.0,"s497":0.0,"s499":0.0,"s512":1.0,"s524":2.0,"s526":2.0,"s541":3.0,"s546":1.0,"s548":0.0,"s549":1.0,"s553":0.0,"s554":3.0,"s555":3.0,"s556":0.0,"s557":1.0,"s561":0.0,"s570":1.0,"s572":1.0,"s573":0.0,"s574":1.0,"s577":0.0,"s579":3.0,"s581":2.0,"s583":3.0,"s584":1.0,"s585":2.0,"s586":0.0,"s587":2.0,"s589":3.0,"s590":2.0,"s592":2.0,"s593":2.0,"s594":1.0,"s595":1.0,"s596":2.0,"s597":2.0,"s598":1.0,"s601":1.0,"s602":0.0,"s604":2.0,"s605":0.0,"s606":1.0,"s607":1.0,"s608":2.0,"s609":3.0,"s611":2.0,"s612":1.0,"s613":0.0,"s615":3.0,"s616":0.0,"s617":1.0,"s618":1.0,"s619":0.0,"s621":3.0,"s622":1.0,"s624":0.0,"s626":0.0,"s627":1.0,"s629":1.0,"s631":1.0,"s633":1.0,"s634":3.0,"s635":2.0,"s636":1.0,"s637":1.0,"s640":2.0,"s641":1.0,"s642":1.0,"s644":1.0,"s645":3.0,"s646":0.0,"s647":0.0,"s648":1.0,"s649":0.0,"s650":0.0},"log_ll":{"s130":-31.6649806956,"s192":-46.4040039454,"s251":745.7138828892,"s358":-37.1900686043,"s445":-47.4853037074,"s465":-43.3712034885,"s483":-57.2978225458,"s491":-54.7366492212,"s495":-65.5069906863,"s497":-63.8386320403,"s499":-75.2516137422,"s512":-55.5695192852,"s524":-51.1999044164,"s526":-67.4138060773,"s541":-33.8018838865,"s546":-33.8018838865,"s548":-69.9908055646,"s549":-16.3748559396,"s553":-51.8224102677,"s554":-59.1630647894,"s555":-24.5094124407,"s556":-68.2234386281,"s557":-37.8152099469,"s561":-51.0795020685,"s570":-63.7407293994,"s572":-60.6686511714,"s573":-50.8555769959,"s574":-50.9578794058,"s577":-65.1064400214,"s579":-36.3941968891,"s581":-63.5852501926,"s583":-47.3209175751,"s584":-30.4907112155,"s585":-42.9418894105,"s586":-72.5906954983,"s587":-42.6197224101,"s589":-58.7445393705,"s590":-31.6649806956,"s592":-65.9472978879,"s593":-64.878705195,"s594":-44.4344940468,"s595":-5.1961574915,"s596":-71.7599019617,"s597":-41.818018374,"s598":-37.3810540679,"s601":-73.1772969235,"s602":-75.7289868729,"s604":-66.5844143327,"s605":-79.6471204589,"s606":-68.5946022364,"s607":-38.2928849517,"s608":-29.0632879012,"s609":-40.6261999596,"s611":-62.8972569209,"s612":-74.6134152517,"s613":-78.2332576766,"s615":-48.198384753,"s616":-74.9187894986,"s617":-32.3565300496,"s618":-47.9653677227,"s619":-42.077021234,"s621":-39.9317913717,"s622":-45.3463249305,"s624":-59.1630647894,"s626":-65.3790382173,"s627":-52.7872967347,"s629":-77.8991639283,"s631":-51.2993250348,"s633":-56.7949385377,"s634":-65.5432993373,"s635":-56.3872560178,"s636":-74.8271542043,"s637":-60.8129053503,"s640":-60.1496513659,"s641":-56.0321616157,"s642":-52.084920736,"s644":-73.7792160014,"s645":-43.3712034885,"s646":-55.6110657779,"s647":-71.8638297429,"s648":-60.5593110072,"s649":-46.1024805444,"s650":-47.9653677227},"loss_sensitivity":{"s130":-0.0046666667,"s192":-0.0051666667,"s251":-2.103352215e-17,"s358":-0.0035,"s445":0.0015,"s465":0.001,"s483":-0.0061666667,"s491":-0.0033333333,"s495":-0.013,"s497":0.0005,"s499":-0.006,"s512":0.0018333333,"s524":-0.0055,"s526":-0.0085,"s541":-0.0065,"s546":-0.005,"s548":0.0038333333,"s549":-0.0005,"s553":-0.0018333333,"s554":-0.0075,"s555":-0.0025,"s556":0.0023333333,"s557":-0.0008333333,"s561":-0.0025,"s570":-0.0036666667,"s572":-0.0013333333,"s573":0.0006666667,"s574":-0.002,"s577":0.0003333333,"s579":-0.0041666667,"s581":-0.0065,"s583":-0.0053333333,"s584":-0.0008333333,"s585":-0.0056666667,"s586":-0.0036666667,"s587":-0.0046666667,"s589":-0.0146666667,"s590":-0.0016666667,"s592":-0.019,"s593":-0.0138333333,"s594":-0.0023333333,"s595":0.0001666667,"s596":-0.0223333333,"s597":-0.014,"s598":6.505213035e-19,"s601":0.0016666667,"s602":-0.005,"s604":-0.0113333333,"s605":0.0031666667,"s606":-0.0038333333,"s607":-0.0028333333,"s608":-0.0021666667,"s609":-0.0031666667,"s611":-0.0121666667,"s612":-0.0018333333,"s613":0.0043333333,"s615":-0.0103333333,"s616":2.298508606e-17,"s617":-0.0048333333,"s618":0.0006666667,"s619":0.001,"s621":-0.009,"s622":0.0001666667,"s624":-0.0045,"s626":0.0025,"s627":-0.0026666667,"s629":0.0081666667,"s631":-0.0013333333,"s633":0.0003333333,"s634":-0.0146666667,"s635":-0.0073333333,"s636":0.006,"s637":-0.0108333333,"s640":-0.0115,"s641":-0.0018333333,"s642":-0.0048333333,"s644":-0.0055,"s645":-0.0028333333,"s646":-6.830473687e-18,"s647":-0.0081666667,"s648":-0.0018333333,"s649":-0.0023333333,"s650":-0.0015},"num_trials":{"s130":24.0,"s192":24.0,"s251":24.0,"s358":24.0,"s445":24.0,"s465":24.0,"s483":24.0,"s491":24.0,"s495":24.0,"s497":24.0,"s499":24.0,"s512":24.0,"s524":24.0,"s526":24.0,"s541":24.0,"s546":24.0,"s548":24.0,"s549":24.0,"s553":24.0,"s554":24.0,"s555":24.0,"s556":24.0,"s557":24.0,"s561":24.0,"s570":24.0,"s572":24.0,"s573":24.0,"s574":24.0,"s577":24.0,"s579":24.0,"s581":24.0,"s583":24.0,"s584":24.0,"s585":24.0,"s586":24.0,"s587":24.0,"s589":24.0,"s590":24.0,"s592":24.0,"s593":24.0,"s594":24.0,"s595":24.0,"s596":24.0,"s597":24.0,"s598":24.0,"s601":24.0,"s602":24.0,