{"avg_cards_chosen":{"s130":12.375,"s251":3.1666666667,"s358":5.7916666667,"s373":4.5,"s445":29.125,"s465":1.0,"s483":23.25,"s491":3.9583333333,"s495":5.2083333333,"s497":13.8333333333,"s499":28.7916666667,"s512":17.9583333333,"s526":7.5416666667,"s541":7.2916666667,"s546":5.4583333333,"s548":23.0454545455,"s549":1.2083333333,"s553":10.2916666667,"s554":18.5,"s555":6.4166666667,"s556":3.0416666667,"s557":15.4166666667,"s558":5.1666666667,"s561":16.9583333333,"s567":6.0,"s570":5.0833333333,"s572":20.8333333333,"s573":12.0833333333,"s574":6.5,"s579":6.5833333333,"s581":17.2083333333,"s582":1.0,"s583":9.75,"s584":8.75,"s585":15.375,"s586":25.0,"s587":3.375,"s589":6.5,"s593":4.7916666667,"s594":14.6666666667,"s595":2.125,"s596":9.6666666667,"s597":13.0833333333,"s598":8.75,"s601":13.7916666667,"s604":22.3333333333,"s605":19.0,"s606":21.7391304348,"s607":2.125,"s608":2.2916666667,"s609":2.75,"s611":11.375,"s612":8.0,"s613":17.5652173913,"s615":8.0833333333,"s616":13.9583333333,"s617":8.0416666667,"s618":7.2916666667,"s619":10.4583333333,"s621":8.8333333333,"s622":6.0833333333,"s624":18.5416666667,"s626":3.25,"s627":18.4166666667,"s628":5.25,"s629":7.3333333333,"s631":24.6666666667,"s633":8.5833333333,"s634":7.25,"s635":9.8333333333,"s636":6.8333333333,"s637":14.875,"s638":18.875,"s640":17.1666666667,"s641":13.5833333333,"s642":5.5833333333,"s644":16.7916666667,"s645":2.375,"s646":21.875,"s647":13.5833333333,"s648":6.8333333333,"s649":4.7916666667},"gain_sensitivity":{"s130":-0.0372,"s251":0.0441812136,"s358":0.0379039497,"s373":0.0029262345,"s445":0.0053191489,"s465":6.938893904e-18,"s483":-0.2861308677,"s491":0.0060555088,"s495":0.3270123671,"s497":0.0620486986,"s499":0.0322055138,"s512":0.0205673759,"s526":0.0647058824,"s541":0.1687055477,"s546":0.1390252215,"s548":0.0771342383,"s549":0.0191489362,"s553":0.0733670374,"s554":0.0276595745,"s555":0.1271533955,"s556":-0.0125328084,"s557":0.0552419355,"s558":0.089701174,"s561":0.0032052578,"s567":-0.0179261125,"s570":0.157345576,"s572":-0.0533096927,"s573":-0.0423728814,"s574":-0.0471688574,"s579":0.125,"s581":0.282115869,"s582":2.081668171e-17,"s583":0.0799877476,"s584":-0.0175357443,"s585":-0.007605985,"s586":0.09,"s587":0.006547619,"s589":0.3780141844,"s593":0.0438095238,"s594":0.4676767677,"s595":0.0093558282,"s596":0.0557595993,"s597":0.0527380952,"s598":0.1406779661,"s601":0.4237804878,"s604":0.0967863105,"s605":0.1051339286,"s606":0.1035864979,"s607":0.0379432624,"s608":-0.0007142857,"s609":0.1268726592,"s611":-0.0195833333,"s612":-0.021752201,"s613":0.089231738,"s615":0.4145465995,"s616":0.1022619048,"s617":0.1117647059,"s618":-0.0102005231,"s619":-0.0261083744,"s621":0.0595744681,"s622":-0.0083333333,"s624":0.1625,"s626":-0.0798039616,"s627":0.1573809524,"s628":0.2714488925,"s629":-0.0617021277,"s631":0.0341759353,"s633":-0.0111587983,"s634":0.4119700748,"s635":0.1664649416,"s636":-0.1408769742,"s637":-0.0439393939,"s638":0.0795247725,"s640":-0.0953857473,"s641":0.2865288221,"s642":0.1060453401,"s644":0.2383004926,"s645":0.0702575107,"s646":0.1091549296,"s647":0.125,"s648":-0.0341759353,"s649":0.185395189},"information_use":{"s130":1.0,"s251":1.0,"s358":2.0,"s373":1.0,"s445":1.0,"s465":0.0,"s483":0.0,"s491":2.0,"s495":3.0,"s497":1.0,"s499":1.0,"s512":0.0,"s526":1.0,"s541":3.0,"s546":2.0,"s548":0.0,"s549":2.0,"s553":1.0,"s554":2.0,"s555":3.0,"s556":0.0,"s557":0.0,"s558":3.0,"s561":0.0,"s567":1.0,"s570":3.0,"s572":1.0,"s573":1.0,"s574":1.0,"s579":2.0,"s581":2.0,"s582":0.0,"s583":1.0,"s584":0.0,"s585":2.0,"s586":0.0,"s587":0.0,"s589":3.0,"s593":2.0,"s594":2.0,"s595":1.0,"s596":2.0,"s597":2.0,"s598":0.0,"s601":3.0,"s604":1.0,"s605":0.0,"s606":0.0,"s607":1.0,"s608":1.0,"s609":3.0,"s611":0.0,"s612":0.0,"s613":0.0,"s615":3.0,"s616":0.0,"s617":1.0,"s618":1.0,"s619":0.0,"s621":1.0,"s622":1.0,"s624":2.0,"s626":0.0,"s627":3.0,"s628":3.0,"s629":0.0,"s631":1.0,"s633":1.0,"s634":3.0,"s635":2.0,"s636":0.0,"s637":0.0,"s638":0.0,"s640":1.0,"s641":2.0,"s642":0.0,"s644":3.0,"s645":2.0,"s646":0.0,"s647":0.0,"s648":1.0,"s649":1.0},"log_ll":{"s130":-57.687254402,"s251":-24.6989681949,"s358":-48.9350726929,"s373":-52.6219711915,"s445":-11.9647372823,"s465":816.39641265,"s483":-78.1513971313,"s491":-43.1599923371,"s495":-64.4755469984,"s497":-67.8173550106,"s499":-53.7568910726,"s512":-62.8527782295,"s526":-55.3357021802,"s541":-42.1820074801,"s546":-45.253861949,"s548":-74.2091851372,"s549":-11.2274612995,"s553":-55.7003970999,"s554":-65.4840157731,"s555":-41.9374059399,"s556":-6.8628678037,"s557":-85.0608093561,"s558":-36.2309942262,"s561":-39.6857177643,"s567":-64.2253675223,"s570":-52.2620649476,"s572":-64.9472193867,"s573":-63.9645759898,"s574":-48.3333313015,"s579":-55.7758280917,"s581":-72.2524992243,"s582":744.4263721453,"s583":-50.2598305114,"s584":-63.4228009621,"s585":-50.2849152355,"s586":-81.8255769479,"s587":-31.0157704823,"s589":-68.6282188178,"s593":-43.4617781921,"s594":-69.7910930189,"s595":-40.2383425553,"s596":-68.5913085174,"s597":-60.3370628808,"s598":-61.6110246166,"s601":-76.2140746033,"s604":-59.5151536455,"s605":-76.2779900927,"s606":-81.0267259497,"s607":-45.7916295022,"s608":-31.7907119596,"s609":-47.0864843814,"s611":-70.0440760967,"s612":-32.82935875,"s613":-82.45532622,"s615":-66.8974798181,"s616":-81.065022566,"s617":-67.5799966734,"s618":-39.7852773899,"s619":-59.9629584951,"s621":-56.3462572132,"s622":-43.0041683896,"s624":-68.3296355321,"s626":-75.5571651749,"s627":-61.3867372781,"s628":-58.764725172,"s629":-63.0790677354,"s631":-59.0581473551,"s633":-43.8552991126,"s634":-68.1849309378,"s635":-64.2641794065,"s636":-71.3099917413,"s637":-61.513869165,"s638":-79.4942522367,"s640":-62.848649662,"s641":-64.9579127715,"s642":-58.2666760761,"s644":-70.1708359616,"s645":-44.4456025245,"s646":-65.0231005103,"s647":-57.939636715,"s648":-50.4242945766,"s649":-63.0453060409},"loss_sensitivity":{"s130":-0.003624,"s251":-0.0008528678,"s358":-0.0070125673,"s373":-0.0032599065,"s445":-0.0004822695,"s465":-3.523657061e-19,"s483":-0.0026571835,"s491":-0.0043195963,"s495":-0.0149659362,"s497":-0.0000151134,"s499":0.0026516291,"s512":-0.0015106383,"s526":-0.0048333333,"s541":-0.008212152,"s546":-0.0069597819,"s548":-0.0005538462,"s549":-0.0004326241,"s553":-0.0002653185,"s554":-0.0182411348,"s555":-0.0063614667,"s556":-0.0002519685,"s557":-0.0089247312,"s558":-0.0038633938,"s561":-0.0010050556,"s567":-0.0064861461,"s570":-0.0078564274,"s572":0.000534279,"s573":-0.0009148458,"s574":-0.0013589484,"s579":-0.0016666667,"s581":-0.0017926113,"s582":-1.431146868e-17,"s583":-0.0002168675,"s584":0.0002085786,"s585":-0.0051720698,"s586":0.0024,"s587":0.0004285714,"s589":-0.0142600473,"s593":-0.0055809524,"s594":-0.0017070707,"s595":-0.0010937774,"s596":-0.0208597663,"s597":-0.0085095238,"s598":0.0013975904,"s601":-0.0168414634,"s604":-0.0016777963,"s605":-0.0044553571,"s606":0.0022278481,"s607":-0.0030401891,"s608":-0.0011714286,"s609":-0.0046853933,"s611":-0.0037166667,"s612":-0.00060554,"s613":-0.0084664987,"s615":-0.0154492024,"s616":-0.0035761905,"s617":-0.009245098,"s618":0.0001028771,"s619":0.0036264368,"s621":-0.0024421053,"s622":-0.0006666667,"s624":-0.0138571429,"s626":0.0045301205,"s627":-0.0110380952,"s628":-0.0150469417,"s629":0.0015390071,"s631":-0.0002568251,"s633":-0.0025922747,"s634":-0.0146882793,"s635":-0.0093823038,"s636":0.0045037406,"s637":-0.0057575758,"s638":-0.0000299292,"s640":-0.003463107,"s641":-0.0017944862,"s642":0.0019445844,"s644":-0.0121494253,"s645":-0.0036103004,"s646":0.001915493,"s647":-0.0021142857,"s648":0.0002119312,"s649":-0.0041938144},"num_trials":{"s130":24.0,"s251":24.0,"s358":24.0,"s373":24.0,"s445":24.0,"s465":24.0,"s483":24.0,"s491":24.0,"s495":24.0,"s497":24.0,"s499":24.0,"s512":24.0,"s526":24.0,"s541":24.0,"s546":24.0,"s548":22.0,"s549":24.0,"s553":24.0,"s554":24.0,"s555":24.0,"s556":24.0,"s557":24.0,"s558":24.0,"s561":24.0,"s567":24.0,"s570":24.0,"s572":24.0,"s573":24.0,"s574":24.0,"s579":24.0,"s581":24.0,"s582":24.0,"s583":24.0,"s584":24.0,"s585":24.0,"s586":23.0,