{"dysfunctional":{"s130":1.0,"s192":1.0833333333,"s251":1.0,"s358":1.0833333333,"s445":1.0833333333,"s465":1.25,"s471":1.6666666667,"s483":1.0,"s491":1.0833333333,"s495":1.0833333333,"s497":1.5833333333,"s499":1.5,"s512":1.0,"s524":1.0,"s526":1.0,"s541":1.0833333333,"s546":1.3333333333,"s548":1.3333333333,"s549":1.0,"s553":1.1666666667,"s554":1.4166666667,"s555":1.0833333333,"s556":1.3333333333,"s561":1.25,"s567":1.25,"s570":1.1666666667,"s572":1.0833333333,"s573":1.0833333333,"s574":1.75,"s579":1.4166666667,"s581":1.0,"s583":1.25,"s584":1.5,"s585":1.6666666667,"s586":1.5833333333,"s587":1.0833333333,"s588":1.0833333333,"s589":1.0,"s593":1.0833333333,"s594":1.5,"s595":1.0,"s596":1.0833333333,"s597":1.1666666667,"s598":1.25,"s601":1.1666666667,"s604":1.0833333333,"s605":1.1666666667,"s606":1.0833333333,"s607":1.0833333333,"s608":1.0833333333,"s609":1.0833333333,"s611":1.0833333333,"s612":1.6666666667,"s613":1.6666666667,"s615":1.25,"s616":1.0833333333,"s617":1.0833333333,"s618":1.0833333333,"s619":1.1666666667,"s621":1.6666666667,"s622":1.0,"s624":1.1666666667,"s626":1.5,"s627":1.0,"s628":1.0,"s629":1.0,"s631":1.8333333333,"s633":1.1666666667,"s634":1.0,"s635":1.25,"s636":1.3333333333,"s637":1.0833333333,"s640":1.1666666667,"s641":1.0833333333,"s642":1.4166666667,"s644":1.8333333333,"s645":1.0833333333,"s646":1.1666666667,"s647":1.0833333333,"s648":1.0833333333,"s649":1.0},"functional":{"s130":1.0,"s192":1.2727272727,"s251":1.0,"s358":1.0909090909,"s445":1.4545454545,"s465":1.3636363636,"s471":1.5454545455,"s483":1.3636363636,"s491":1.6363636364,"s495":1.4545454545,"s497":1.6363636364,"s499":1.4545454545,"s512":1.9090909091,"s524":1.6363636364,"s526":1.3636363636,"s541":1.0,"s546":1.3636363636,"s548":1.3636363636,"s549":1.2727272727,"s553":1.0,"s554":1.1818181818,"s555":1.7272727273,"s556":2.0,"s561":1.4545454545,"s567":1.8181818182,"s570":1.4545454545,"s572":1.5454545455,"s573":1.7272727273,"s574":1.2727272727,"s579":1.4545454545,"s581":1.6363636364,"s583":1.5454545455,"s584":1.6363636364,"s585":1.9090909091,"s586":1.4545454545,"s587":1.1818181818,"s588":1.2727272727,"s589":1.7272727273,"s593":1.8181818182,"s594":1.5454545455,"s595":1.4545454545,"s596":1.6363636364,"s597":1.1818181818,"s598":1.0909090909,"s601":1.1818181818,"s604":1.9090909091,"s605":1.4545454545,"s606":1.5454545455,"s607":1.3636363636,"s608":1.2727272727,"s609":1.9090909091,"s611":1.0909090909,"s612":1.2727272727,"s613":1.9090909091,"s615":1.8181818182,"s616":1.2727272727,"s617":1.7272727273,"s618":1.2727272727,"s619":1.5454545455,"s621":1.4545454545,"s622":1.5454545455,"s624":1.6363636364,"s626":1.5454545455,"s627":1.7272727273,"s628":1.6363636364,"s629":1.4545454545,"s631":1.9090909091,"s633":1.7272727273,"s634":1.5454545455,"s635":1.5454545455,"s636":1.3636363636,"s637":1.4545454545,"s640":1.7272727273,"s641":1.7272727273,"s642":1.6363636364,"s644":1.1818181818,"s645":1.5454545455,"s646":1.7272727273,"s647":1.3636363636,"s648":1.4545454545,"s649":1.2727272727}}