{"health_sensitivity":{"s172":0.1880678065,"s192":0.1513643633,"s251":-0.0470699433,"s358":0.0160481444,"s373":-0.2102620152,"s445":0.2424895171,"s465":0.3717286308,"s471":-0.3711784363,"s483":0.0512630168,"s491":1.0673945165,"s495":0.4569416633,"s497":0.1970198675,"s499":0.1542440217,"s512":0.3920607829,"s513":0.2306949807,"s526":0.5233091429,"s541":-0.0636580621,"s546":0.1417553004,"s548":0.0,"s549":0.1564737596,"s553":0.496245853,"s554":-0.0859892555,"s555":0.1486656374,"s556":0.806031169,"s561":0.1199504807,"s570":0.0769230769,"s572":0.211826544,"s573":0.3633802817,"s574":0.191085667,"s579":0.1000300808,"s581":0.4756631203,"s582":-0.0184905889,"s583":-0.0954192556,"s584":0.0270329484,"s585":0.1590526195,"s586":-0.1025268868,"s587":0.3165944272,"s589":0.2021685788,"s593":0.4722190465,"s594":0.1394935688,"s595":0.2891763675,"s596":0.2743607464,"s597":-0.0410279348,"s598":0.1611879956,"s601":0.1653534738,"s604":-0.0370923044,"s605":0.5608915493,"s606":0.1846858786,"s607":0.4942909428,"s608":0.1002315521,"s609":0.7842199641,"s611":-0.1875397555,"s612":0.6171611927,"s613":0.0887825214,"s615":0.2166232404,"s616":-0.1312331065,"s617":0.3716521641,"s618":-0.2408042038,"s619":-0.0343101086,"s621":0.2559179676,"s622":-0.0538455179,"s624":0.4072460251,"s626":-0.1650596975,"s627":-0.1933608093,"s629":-0.0091833388,"s631":0.3019464105,"s633":0.2927321484,"s634":0.2691486115,"s635":0.3032579358,"s636":-0.0128671692,"s637":0.0025053799,"s640":0.2255831472,"s641":0.1607767459,"s642":0.084891056,"s644":0.0664028403,"s645":0.1708346523,"s646":0.567617185,"s647":0.6681450818,"s648":0.4886494271,"s649":0.0610402903},"log_ll":{"s172":-48.1304733036,"s192":-40.3483008837,"s251":-13.7905004152,"s358":-63.7185695375,"s373":-57.7774853364,"s445":-46.2693642309,"s465":-48.9133702882,"s471":-78.496784363,"s483":-63.6222483236,"s491":-66.7999343211,"s495":-68.2868468662,"s497":-67.3633111921,"s499":-66.9310833458,"s512":-52.309570292,"s513":-26.4443333697,"s526":-49.5188550335,"s541":-60.904419551,"s546":-52.8549758356,"s548":1595.44418375,"s549":-37.437308099,"s553":-42.4057056881,"s554":-59.8140515968,"s555":-47.8060824177,"s556":-54.5939393282,"s561":-54.161066234,"s570":-37.4352261873,"s572":-64.9881593602,"s573":-64.0701131236,"s574":-56.5221562636,"s579":-62.1879949859,"s581":-49.6418722315,"s582":10.4542610617,"s583":-64.4930352574,"s584":-66.0014734191,"s585":-38.1461933389,"s586":-71.4602288679,"s587":-83.782519944,"s589":-56.4016064949,"s593":-68.7076164552,"s594":-54.0029784704,"s595":-64.3349533838,"s596":-60.3548438833,"s597":-70.1540512212,"s598":-70.4765205101,"s601":-68.509165163,"s604":-63.0762959972,"s605":-49.3308557133,"s606":-61.5457117525,"s607":-66.3919270597,"s608":-52.595382522,"s609":-60.0894969401,"s611":-32.4492245077,"s612":-50.595904282,"s613":-68.810180485,"s615":-56.8234024578,"s616":-69.4180214554,"s617":-48.8504644957,"s618":-52.6903831613,"s619":-45.9640760891,"s621":-70.0475345891,"s622":-52.2537864998,"s624":-60.7445897,"s626":-77.0748098631,"s627":-49.415422445,"s629":-47.3818454019,"s631":-64.0711704842,"s633":-77.2270602336,"s634":-65.4160710875,"s635":-71.1494902056,"s636":-13.4575762185,"s637":-76.9239643817,"s640":-39.854903902,"s641":-77.0318024248,"s642":-63.4887634917,"s644":-65.6978031088,"s645":-55.0794788786,"s646":-35.185760348,"s647":-41.5473990482,"s648":-57.9905339675,"s649":-34.3391483172},"num_trials":{"s172":49.0,"s192":49.0,"s251":49.0,"s358":49.0,"s373":49.0,"s445":46.0,"s465":49.0,"s471":48.0,"s483":49.0,"s491":48.0,"s495":48.0,"s497":48.0,"s499":49.0,"s512":49.0,"s513":48.0,"s526":48.0,"s541":47.0,"s546":49.0,"s548":48.0,"s549":47.0,"s553":48.0,"s554":49.0,"s555":49.0,"s556":45.0,"s561":49.0,"s570":27.0,"s572":49.0,"s573":48.0,"s574":46.0,"s579":49.0,"s581":48.0,"s582":49.0,"s583":48.0,"s584":45.0,"s585":49.0,"s586":48.0,"s587":49.0,"s589":48.0,"s593":48.0,"s594":49.0,"s595":48.0,"s596":42.0,"s597":48.0,"s598":49.0,"s601":48.0,"s604":48.0,"s605":47.0,"s606":49.0,"s607":48.0,"s608":49.0,"s609":48.0,"s611":48.0,"s612":49.0,"s613":45.0,"s615":46.0,"s616":48.0,"s617":48.0,"s618":44.0,"s619":49.0,"s621":48.0,"s622":48.0,"s624":45.0,"s626":49.0,"s627":48.0,"s629":48.0,"s631":48.0,"s633":49.0,"s634":48.0,"s635":48.0,"s636":49.0,"s637":48.0,"s640":49.0,"s641":49.0,"s642":47.0,"s644":47.0,"s645":47.0,"s646":47.0,"s647":49.0,"s648":46.0,"s649":26.0},"prop_healthy_choice":{"s172":0.2040816327,"s192":0.2040816327,"s251":0.3265306122,"s358":0.3673469388,"s373":0.0612244898,"s445":0.1304347826,"s465":0.2244897959,"s471":0.1875,"s483":0.1020408163,"s491":0.125,"s495":0.3333333333,"s497":0.3125,"s499":0.2857142857,"s512":0.2244897959,"s513":0.0,"s526":0.2708333333,"s541":0.170212766,"s546":0.0612244898,"s548":0.0,"s549":0.2765957447,"s553":0.2291666667,"s554":0.1428571429,"s555":0.2448979592,"s556":0.3555555556,"s561":0.4081632653,"s570":0.2222222222,"s572":0.2857142857,"s573":0.0,"s574":0.3913043478,"s579":0.1020408163,"s581":0.3125,"s582":0.4489795918,"s583":0.0416666667,"s584":0.0666666667,"s585":0.3469387755,"s586":0.0416666667,"s587":0.2040816327,"s589":0.1041666667,"s593":0.3541666667,"s594":0.2653061224,"s595":0.2291666667,"s596":0.1428571429,"s597":0.2708333333,"s598":0.2653061224,"s601":0.1458333333,"s604":0.2291666667,"s605":0.1914893617,"s606":0.2244897959,"s607":0.2916666667,"s608":0.3265306122,"s609":0.2083333333,"s611":0.0833333333,"s612":0.2040816327,"s613":0.2,"s615":0.2826086957,"s616":0.1666666667,"s617":0.1875,"s618":0.0,"s619":0.0612244898,"s621":0.125,"s622":0.3125,"s624":0.2222222222,"s626":0.2244897959,"s627":0.0625,"s629":0.2291666667,"s631":0.1875,"s633":0.2244897959,"s634":0.1875,"s635":0.3125,"s636":0.4693877551,"s637":0.125,"s640":0.2653061224,"s641":0.1632653061,"s642":0.170212766,"s644":0.3404255319,"s645":0.2978723404,"s646":0.3617021277,"s647":0.2244897959,"s648":0.1086956522,"s649":0.3076923077},"taste_sensitivity":{"s172":0.6523494082,"s192":0.8605018272,"s251":0.4117202268,"s358":0.7191574724,"s373":1.1042743627,"s445":0.7190171022,"s465":0.0997416601,"s471":0.1836007622,"s483":0.5634642747,"s491":-0.730421934,"s495":0.6053664397,"s497":0.3460264901,"s499":0.583507321,"s512":0.522325607,"s513":-0.0897683398,"s526":0.6694903823,"s541":0.8820932382,"s546":0.9928858209,"s548":0.0,"s549":0.5931261056,"s553":0.5081194343,"s554":0.8976714677,"s555":0.8778451698,"s556":0.0957239489,"s561":0.9290000223,"s570":0.6641025641,"s572":0.7694856392,"s573":0.5577464789,"s574":0.8840665577,"s579":0.6206816762,"s581":0.2858485551,"s582":-0.0067215446,"s583":0.6614470907,"s584":0.5552037542,"s585":0.5593448594,"s586":0.2265870372,"s587":0.6346177661,"s589":0.7333377545,"s593":0.8473190808,"s594":0.8973930423,"s595":0.6725665403,"s596":0.5524072794,"s597":0.7009785982,"s598":0.8277198984,"s601":0.6181873585,"s604":0.9390055425,"s605":0.5023467791,"s606":0.7319910667,"s607":0.3354425486,"s608":0.4730843101,"s609":0.2545534516,"s611":0.8522687116,"s612":0.1984529794,"s613":-0.2464293986,"s615":0.8355128394,"s616":0.6720725759,"s617":0.6265679738,"s618":0.3965615719,"s619":0.2935596079,"s621":0.6341738249,"s622":0.9199619719,"s624":0.5211799584,"s626":0.185492172,"s627":0.7893218434,"s629":0.1653000984,"s631":0.1500776838,"s633":0.6270928045,"s634":1.1481537992,"s635":0.6045393747,"s636":-0.0010397713,"s637":0.8780453325,"s640":1.050106499,"s641":0.2891086721,"s642":0.6974525311,"s644":0.6696139843,"s645":1.0816613656,"s646":0.4122069799,"s647":0.3420395558,"s648":0.0162584166,"s649":0.2583046432}}