{"ethical":{"s130":4.3333333333,"s192":5.3333333333,"s251":6.3333333333,"s358":4.0,"s445":4.8333333333,"s465":4.5,"s471":4.0,"s483":4.0,"s491":5.1666666667,"s495":4.6666666667,"s497":4.6666666667,"s499":4.1666666667,"s512":3.6666666667,"s519":5.0,"s526":6.5,"s541":4.5,"s546":4.3333333333,"s548":3.3333333333,"s549":4.0,"s553":2.5,"s554":5.0,"s555":5.0,"s556":3.3333333333,"s557":5.6666666667,"s558":4.5,"s561":3.0,"s570":4.6666666667,"s572":5.0,"s573":6.0,"s574":7.0,"s579":4.1666666667,"s581":5.5,"s583":5.0,"s584":3.3333333333,"s585":4.0,"s586":3.3333333333,"s587":5.6666666667,"s589":5.1666666667,"s593":5.1666666667,"s594":3.0,"s595":4.0,"s596":6.5,"s597":4.5,"s598":4.8333333333,"s601":4.8333333333,"s604":4.5,"s605":6.0,"s606":4.0,"s607":6.3333333333,"s608":4.0,"s609":3.1666666667,"s610":4.0,"s611":2.8333333333,"s612":3.0,"s613":7.0,"s614":4.5,"s615":4.3333333333,"s616":7.0,"s617":5.1666666667,"s618":4.6666666667,"s619":3.0,"s621":3.8333333333,"s622":5.6666666667,"s624":5.5,"s626":4.1666666667,"s627":4.3333333333,"s629":6.1666666667,"s631":3.0,"s633":5.5,"s634":4.0,"s635":5.6666666667,"s636":3.8333333333,"s637":5.5,"s640":4.1666666667,"s641":4.8333333333,"s642":5.8333333333,"s644":3.5,"s645":5.1666666667,"s646":5.3333333333,"s647":4.5,"s648":3.8333333333,"s649":6.6666666667,"s650":4.5},"financial":{"s130":5.0,"s192":3.6666666667,"s251":3.0,"s358":4.3333333333,"s445":5.6666666667,"s465":4.6666666667,"s471":2.8333333333,"s483":4.1666666667,"s491":4.3333333333,"s495":6.0,"s497":5.1666666667,"s499":4.5,"s512":5.1666666667,"s519":2.3333333333,"s526":5.6666666667,"s541":7.0,"s546":4.6666666667,"s548":2.8333333333,"s549":6.0,"s553":4.3333333333,"s554":4.8333333333,"s555":4.6666666667,"s556":1.0,"s557":6.0,"s558":4.3333333333,"s561":3.5,"s570":5.0,"s572":5.3333333333,"s573":3.8333333333,"s574":6.3333333333,"s579":5.1666666667,"s581":5.3333333333,"s583":6.0,"s584":5.0,"s585":4.6666666667,"s586":3.3333333333,"s587":6.0,"s589":4.6666666667,"s593":5.1666666667,"s594":5.1666666667,"s595":6.1666666667,"s596":4.6666666667,"s597":5.8333333333,"s598":5.1666666667,"s601":6.1666666667,"s604":4.0,"s605":5.1666666667,"s606":5.1666666667,"s607":6.6666666667,"s608":4.8333333333,"s609":4.8333333333,"s610":4.6666666667,"s611":4.1666666667,"s612":4.1666666667,"s613":4.1666666667,"s614":5.0,"s615":5.8333333333,"s616":5.5,"s617":5.3333333333,"s618":5.0,"s619":4.5,"s621":5.3333333333,"s622":5.6666666667,"s624":4.6666666667,"s626":4.8333333333,"s627":5.0,"s629":6.1666666667,"s631":2.3333333333,"s633":5.5,"s634":4.8333333333,"s635":5.8333333333,"s636":2.6666666667,"s637":5.0,"s640":5.3333333333,"s641":5.8333333333,"s642":6.3333333333,"s644":5.1666666667,"s645":5.5,"s646":5.3333333333,"s647":5.0,"s648":5.3333333333,"s649":7.0,"s650":4.0},"health_safety":{"s130":4.6666666667,"s192":5.6666666667,"s251":5.1666666667,"s358":4.1666666667,"s445":6.0,"s465":5.1666666667,"s471":5.3333333333,"s483":4.6666666667,"s491":6.5,"s495":6.5,"s497":4.6666666667,"s499":4.3333333333,"s512":4.8333333333,"s519":3.0,"s526":6.3333333333,"s541":5.0,"s546":3.5,"s548":3.5,"s549":3.8333333333,"s553":2.5,"s554":5.6666666667,"s555":6.1666666667,"s556":4.8333333333,"s557":6.1666666667,"s558":5.6666666667,"s561":3.1666666667,"s570":5.5,"s572":4.6666666667,"s573":5.0,"s574":5.8333333333,"s579":5.1666666667,"s581":5.5,"s583":6.0,"s584":3.8333333333,"s585":4.3333333333,"s586":3.1666666667,"s587":5.3333333333,"s589":4.3333333333,"s593":5.3333333333,"s594":4.5,"s595":5.8333333333,"s596":5.8333333333,"s597":4.6666666667,"s598":5.3333333333,"s601":3.5,"s604":5.1666666667,"s605":6.3333333333,"s606":5.5,"s607":6.1666666667,"s608":5.3333333333,"s609":5.0,"s610":4.8333333333,"s611":3.1666666667,"s612":3.5,"s613":6.1666666667,"s614":3.8333333333,"s615":4.1666666667,"s616":6.6666666667,"s617":6.1666666667,"s618":3.8333333333,"s619":3.6666666667,"s621":5.3333333333,"s622":6.1666666667,"s624":5.3333333333,"s626":4.8333333333,"s627":3.1666666667,"s629":6.6666666667,"s631":5.0,"s633":6.0,"s634":3.5,"s635":6.6666666667,"s636":3.1666666667,"s637":5.1666666667,"s640":5.0,"s641":4.8333333333,"s642":5.8333333333,"s644":3.1666666667,"s645":5.0,"s646":5.1666666667,"s647":5.8333333333,"s648":4.0,"s649":5.5,"s650":5.8333333333},"recreational":{"s130":4.1666666667,"s192":4.5,"s251":4.3333333333,"s358":3.3333333333,"s445":4.8333333333,"s465":3.1666666667,"s471":3.5,"s483":4.8333333333,"s491":4.0,"s495":4.6666666667,"s497":4.0,"s499":4.0,"s512":3.8333333333,"s519":4.1666666667,"s526":5.1666666667,"s541":5.8333333333,"s546":3.3333333333,"s548":3.6666666667,"s549":3.8333333333,"s553":4.1666666667,"s554":4.5,"s555":2.8333333333,"s556":3.3333333333,"s557":5.6666666667,"s558":3.3333333333,"s561":2.8333333333,"s570":3.5,"s572":5.3333333333,"s573":4.1666666667,"s574":5.1666666667,"s579":4.1666666667,"s581":5.1666666667,"s583":4.3333333333,"s584":4.0,"s585":4.5,"s586":3.0,"s587":4.8333333333,"s589":2.8333333333,"s593":4.6666666667,"s594":3.1666666667,"s595":4.5,"s596":3.6666666667,"s597":4.6666666667,"s598":5.3333333333,"s601":3.5,"s604":4.5,"s605":6.0,"s606":5.5,"s607":5.5,"s608":2.8333333333,"s609":4.3333333333,"s610":4.3333333333,"s611":3.0,"s612":4.1666666667,"s613":5.0,"s614":3.1666666667,"s615":2.8333333333,"s616":4.3333333333,"s617":4.3333333333,"s618":4.5,"s619":4.0,"s621":5.5,"s622":4.6666666667,"s624":3.5,"s626":4.5,"s627":5.0,"s629":5.5,"s631":1.8333333333,"s633":5.1666666667,"s634":4.6666666667,"s635":5.1666666667,"s636":3.8333333333,"s637":5.8333333333,"s640":5.3333333333,"s641":3.1666666667,"s642":5.1666666667,"s644":4.1666666667,"s645":3.3333333333,"s646":5.3333333333,"s647":5.1666666667,"s648":3.3333333333,"s649":5.8333333333,"s650":4.1666666667},"social":{"s130":3.3333333333,"s192":3.0,"s251":3.1666666667,"s358":1.8333333333,"s445":2.3333333333,"s465":2.1666666667,"s471":2.5,"s483":3.0,"s491":3.5,"s495":2.5,"s497":2.8333333333,"s499":3.6666666667,"s512":3.1666666667,"s519":2.5,"s526":2.8333333333,"s541":3.1666666667,"s546":3.0,"s548":3.0,"s549":2.5,"s553":1.1666666667,"s554":3.5,"s555":2.6666666667,"s556":3.8333333333,"s557":4.0,"s558":3.5,"s561":3.1666666667,"s570":3.3333333333,"s572":3.3333333333,"s573":2.0,"s574":1.8333333333,"s579":3.5,"s581":4.0,"s583":2.3333333333,"s584":3.1666666667,"s585":2.6666666667,"s586":3.3333333333,"s587":2.5,"s589":2.5,"s593":1.6666666667,"s594":1.8333333333,"s595":3.8333333333,"s596":2.5,"s597":2.5,"s598":4.6666666667,"s601":2.5,"s604":2.5,"s605":5.1666666667,"s606":3.8333333333,"s607":3.1666666667,"s608":2.5,"s609":3.5,"s610":2.1666666667,"s611":2.6666666667,"s612":3.6666666667,"s613":2.5,"s614":3.1666666667,"s615":1.5,"s616":3.6666666667,"s617":3.1666666667,"s618":3.6666666667,"s619":1.1666666667,"s621":4.3333333333,"s622":4.0,"s624":3.6666666667,"s626":3.6666666667,"s627":2.5,"s629":3.0,"s631":1.0,"s633":4.3333333333,"s634":3.3333333333,"s635":3.1666666667,"s636":2.5,"s637":4.5,"s640":2.5,"s641":2.1666666667,"s642":5.3333333333,"s644":3.0,"s645":4.5,"s646":3.5,"s647":3.0,"s648":3.1666666667,"s649":4.8333333333,"s650":2.8333333333}}