{"ethical":{"s061":3.3333333333,"s130":2.1666666667,"s192":2.1666666667,"s251":1.1666666667,"s358":2.1666666667,"s373":1.3333333333,"s445":1.6666666667,"s465":1.5,"s471":3.6666666667,"s483":3.5,"s491":1.1666666667,"s495":1.6666666667,"s497":1.3333333333,"s499":4.0,"s512":2.1666666667,"s513":4.0,"s518":2.3333333333,"s524":1.1666666667,"s525":1.3333333333,"s526":1.0,"s541":2.1666666667,"s546":3.1666666667,"s548":3.6666666667,"s549":1.3333333333,"s553":3.5,"s554":2.0,"s555":2.0,"s556":3.0,"s557":1.6666666667,"s558":2.5,"s561":3.8333333333,"s567":2.0,"s570":2.0,"s572":1.5,"s573":2.0,"s574":1.1666666667,"s581":1.5,"s582":2.1666666667,"s583":2.0,"s584":2.3333333333,"s585":2.5,"s586":2.5,"s587":1.1666666667,"s589":2.0,"s593":1.8333333333,"s594":2.3333333333,"s595":2.3333333333,"s596":1.1666666667,"s597":2.1666666667,"s598":2.3333333333,"s601":1.5,"s604":1.1666666667,"s605":1.8333333333,"s606":3.0,"s607":1.3333333333,"s608":2.6666666667,"s609":4.0,"s610":3.3333333333,"s611":2.5,"s612":2.3333333333,"s613":1.0,"s615":1.6666666667,"s616":1.1666666667,"s617":2.0,"s618":2.1666666667,"s619":3.8333333333,"s621":3.1666666667,"s622":1.8333333333,"s624":2.3333333333,"s626":3.1666666667,"s627":1.8333333333,"s629":1.5,"s631":4.1666666667,"s633":1.6666666667,"s634":2.6666666667,"s635":1.8333333333,"s636":1.3333333333,"s637":1.3333333333,"s640":2.3333333333,"s641":1.6666666667,"s642":1.8333333333,"s644":4.3333333333,"s645":2.1666666667,"s646":1.5,"s647":2.3333333333,"s648":2.5,"s649":1.0},"financial":{"s061":2.3333333333,"s130":2.5,"s192":2.8333333333,"s251":1.5,"s358":3.0,"s373":2.8333333333,"s445":2.3333333333,"s465":2.5,"s471":5.3333333333,"s483":2.5,"s491":2.3333333333,"s495":2.0,"s497":2.3333333333,"s499":4.1666666667,"s512":2.6666666667,"s513":4.0,"s518":3.8333333333,"s524":1.3333333333,"s525":2.3333333333,"s526":1.0,"s541":1.0,"s546":2.3333333333,"s548":3.3333333333,"s549":2.0,"s553":1.6666666667,"s554":2.3333333333,"s555":2.5,"s556":3.5,"s557":2.0,"s558":2.5,"s561":4.0,"s567":4.3333333333,"s570":2.0,"s572":2.3333333333,"s573":3.8333333333,"s574":2.5,"s581":1.8333333333,"s582":2.8333333333,"s583":2.5,"s584":2.8333333333,"s585":3.3333333333,"s586":3.1666666667,"s587":1.5,"s589":3.5,"s593":1.5,"s594":2.1666666667,"s595":1.8333333333,"s596":3.1666666667,"s597":1.8333333333,"s598":2.1666666667,"s601":1.1666666667,"s604":2.3333333333,"s605":3.8333333333,"s606":3.6666666667,"s607":1.3333333333,"s608":3.8333333333,"s609":3.3333333333,"s610":4.3333333333,"s611":2.6666666667,"s612":1.5,"s613":2.8333333333,"s615":3.3333333333,"s616":2.3333333333,"s617":2.3333333333,"s618":3.5,"s619":4.5,"s621":3.0,"s622":1.6666666667,"s624":3.3333333333,"s626":4.0,"s627":2.0,"s629":1.8333333333,"s631":6.6666666667,"s633":3.3333333333,"s634":2.8333333333,"s635":2.6666666667,"s636":1.6666666667,"s637":2.6666666667,"s640":3.0,"s641":2.6666666667,"s642":2.5,"s644":2.8333333333,"s645":1.8333333333,"s646":3.5,"s647":3.5,"s648":2.8333333333,"s649":1.0},"health_safety":{"s061":2.8333333333,"s130":1.5,"s192":1.3333333333,"s251":1.3333333333,"s358":2.0,"s373":1.6666666667,"s445":1.8333333333,"s465":2.0,"s471":1.5,"s483":2.0,"s491":1.0,"s495":1.5,"s497":1.0,"s499":4.0,"s512":1.6666666667,"s513":4.0,"s518":1.5,"s524":1.0,"s525":2.3333333333,"s526":1.3333333333,"s541":2.8333333333,"s546":2.5,"s548":3.8333333333,"s549":1.3333333333,"s553":2.5,"s554":1.5,"s555":1.0,"s556":2.0,"s557":1.8333333333,"s558":2.5,"s561":3.5,"s567":2.5,"s570":1.8333333333,"s572":1.8333333333,"s573":2.1666666667,"s574":2.0,"s581":1.6666666667,"s582":1.8333333333,"s583":1.6666666667,"s584":1.1666666667,"s585":2.3333333333,"s586":3.0,"s587":1.0,"s589":1.6666666667,"s593":1.8333333333,"s594":2.1666666667,"s595":1.1666666667,"s596":1.6666666667,"s597":2.3333333333,"s598":1.3333333333,"s601":1.1666666667,"s604":1.0,"s605":1.3333333333,"s606":2.8333333333,"s607":2.0,"s608":1.8333333333,"s609":2.5,"s610":1.6666666667,"s611":1.5,"s612":3.0,"s613":1.0,"s615":1.8333333333,"s616":1.0,"s617":1.3333333333,"s618":2.1666666667,"s619":2.8333333333,"s621":2.8333333333,"s622":2.1666666667,"s624":2.3333333333,"s626":4.5,"s627":2.3333333333,"s629":1.0,"s631":3.5,"s633":1.3333333333,"s634":1.8333333333,"s635":1.1666666667,"s636":1.0,"s637":1.0,"s640":2.0,"s641":2.0,"s642":1.1666666667,"s644":2.6666666667,"s645":1.3333333333,"s646":2.3333333333,"s647":1.5,"s648":1.3333333333,"s649":1.0},"recreational":{"s061":2.6666666667,"s130":2.5,"s192":4.0,"s251":2.6666666667,"s358":4.5,"s373":3.1666666667,"s445":2.8333333333,"s465":7.0,"s471":4.5,"s483":2.8333333333,"s491":3.3333333333,"s495":3.5,"s497":3.5,"s499":3.5,"s512":2.8333333333,"s513":4.0,"s518":4.1666666667,"s524":2.3333333333,"s525":4.5,"s526":2.3333333333,"s541":2.3333333333,"s546":3.1666666667,"s548":3.8333333333,"s549":3.1666666667,"s553":3.5,"s554":3.3333333333,"s555":6.1666666667,"s556":3.5,"s557":2.3333333333,"s558":4.6666666667,"s561":4.1666666667,"s567":4.6666666667,"s570":5.0,"s572":3.0,"s573":3.8333333333,"s574":6.5,"s581":2.3333333333,"s582":3.1666666667,"s583":6.3333333333,"s584":4.5,"s585":3.6666666667,"s586":3.3333333333,"s587":2.3333333333,"s589":5.5,"s593":2.5,"s594":3.8333333333,"s595":1.6666666667,"s596":4.0,"s597":4.5,"s598":3.3333333333,"s601":3.0,"s604":1.8333333333,"s605":5.3333333333,"s606":5.1666666667,"s607":3.1666666667,"s608":4.0,"s609":3.3333333333,"s610":5.5,"s611":1.8333333333,"s612":3.0,"s613":3.0,"s615":6.1666666667,"s616":6.0,"s617":4.5,"s618":3.3333333333,"s619":4.5,"s621":3.0,"s622":3.0,"s624":5.0,"s626":3.1666666667,"s627":4.1666666667,"s629":2.6666666667,"s631":7.0,"s633":4.8333333333,"s634":4.1666666667,"s635":3.5,"s636":2.5,"s637":3.0,"s640":3.5,"s641":3.3333333333,"s642":4.8333333333,"s644":5.0,"s645":4.5,"s646":4.3333333333,"s647":2.8333333333,"s648":3.1666666667,"s649":2.5},"social":{"s061":3.5,"s130":4.0,"s192":3.6666666667,"s251":3.0,"s358":4.6666666667,"s373":3.6666666667,"s445":4.3333333333,"s465":6.0,"s471":5.1666666667,"s483":4.3333333333,"s491":4.1666666667,"s495":5.1666666667,"s497":4.3333333333,"s499":4.8333333333,"s512":3.6666666667,"s513":4.0,"s518":5.1666666667,"s524":4.0,"s525":4.3333333333,"s526":5.0,"s541":4.1666666667,"s546":3.8333333333,"s548":4.1666666667,"s549":3.5,"s553":5.8333333333,"s554":4.0,"s555":4.8333333333,"s556":3.6666666667,"s557":4.8333333333,"s558":5.6666666667,"s561":3.5,"s567":5.1666666667,"s570":4.0,"s572":4.6666666667,"s573":4.6666666667,"s574":4.1666666667,"s581":3.6666666667,"s582":3.5,"s583":4.1666666667,"s584":5.6666666667,"s585":3.8333333333,"s586":3.1666666667,"s587":3.3333333333,"s589":3.5,"s593":4.6666666667,"s594":4.0,"s595":4.6666666667,"s596":2.8333333333,"s597":5.8333333333,"s598":3.8333333333,"s601":2.6666666667,"s604":4.0,"s605":5.0,"s606":5.6666666667,"s607":4.1666666667,"s608":3.8333333333,"s609":4.0,"s610":5.6666666667,"s611":2.5,"s612":3.3333333333,"s613":3.6666666667,"s615":6.5,"s616":4.3333333333,"s617":4.1666666667,"s618":3.0,"s619":5.0,"s621":3.8333333333,"s622":4.8333333333,"s624":4.3333333333,"s626":4.0,"s627":3.8333333333,"s629":4.3333333333,"s631":6.8333333333,"s633":4.0,"s634":4.5,"s635":3.0,"s636":2.8333333333,"s637":3.6666666667,"s640":6.6666666667,"s641":3.8333333333,"s642":3.1666666667,"s644":4.0,"s645":4.3333333333,"s646":4.6666666667,"s647":4.0,"s648":4.1666666667,"s649":4.3333333333}}