{"ethical":{"s130":2.1666666667,"s251":1.6666666667,"s358":2.1666666667,"s445":1.8333333333,"s465":1.5,"s471":2.3333333333,"s483":3.1666666667,"s491":1.3333333333,"s495":3.0,"s497":1.8333333333,"s499":3.8333333333,"s512":2.1666666667,"s513":3.5,"s526":1.0,"s541":2.5,"s546":2.6666666667,"s548":2.8333333333,"s549":1.3333333333,"s553":3.8333333333,"s554":2.0,"s555":1.6666666667,"s556":2.8333333333,"s561":3.5,"s567":1.1666666667,"s570":1.8333333333,"s572":2.0,"s573":2.0,"s574":1.3333333333,"s579":2.3333333333,"s581":1.3333333333,"s583":2.6666666667,"s584":3.5,"s585":4.0,"s586":3.6666666667,"s587":1.3333333333,"s589":1.3333333333,"s593":2.1666666667,"s594":3.6666666667,"s595":2.8333333333,"s596":1.3333333333,"s597":2.0,"s598":3.5,"s601":1.6666666667,"s604":1.5,"s605":2.5,"s606":4.6666666667,"s607":1.6666666667,"s608":1.6666666667,"s609":4.1666666667,"s610":3.0,"s611":4.0,"s612":3.8333333333,"s613":1.1666666667,"s614":1.6666666667,"s615":2.3333333333,"s616":1.0,"s617":1.5,"s618":3.1666666667,"s619":3.8333333333,"s621":4.0,"s622":1.5,"s624":2.3333333333,"s626":3.1666666667,"s627":1.6666666667,"s629":1.5,"s631":4.0,"s633":1.0,"s634":1.5,"s635":1.3333333333,"s636":2.8333333333,"s637":1.6666666667,"s640":2.3333333333,"s641":1.5,"s642":2.3333333333,"s644":5.1666666667,"s645":2.8333333333,"s646":4.0,"s647":2.0,"s648":1.8333333333,"s649":1.0},"financial":{"s130":1.8333333333,"s251":2.0,"s358":2.5,"s445":1.5,"s465":3.0,"s471":4.0,"s483":2.8333333333,"s491":1.3333333333,"s495":2.3333333333,"s497":2.1666666667,"s499":4.6666666667,"s512":3.3333333333,"s513":3.3333333333,"s526":1.0,"s541":1.5,"s546":2.6666666667,"s548":3.0,"s549":2.0,"s553":1.5,"s554":1.0,"s555":2.0,"s556":3.0,"s561":3.5,"s567":3.0,"s570":3.0,"s572":1.6666666667,"s573":4.5,"s574":1.5,"s579":3.6666666667,"s581":2.0,"s583":1.5,"s584":2.5,"s585":2.0,"s586":4.1666666667,"s587":1.1666666667,"s589":3.3333333333,"s593":1.3333333333,"s594":2.5,"s595":2.1666666667,"s596":1.8333333333,"s597":1.6666666667,"s598":1.1666666667,"s601":1.5,"s604":3.1666666667,"s605":3.3333333333,"s606":3.8333333333,"s607":2.0,"s608":2.0,"s609":3.0,"s610":1.5,"s611":1.6666666667,"s612":3.1666666667,"s613":2.0,"s614":2.1666666667,"s615":1.8333333333,"s616":1.3333333333,"s617":2.1666666667,"s618":3.6666666667,"s619":4.3333333333,"s621":1.5,"s622":1.6666666667,"s624":3.1666666667,"s626":2.8333333333,"s627":2.0,"s629":2.5,"s631":1.1666666667,"s633":1.0,"s634":2.0,"s635":2.3333333333,"s636":3.8333333333,"s637":1.8333333333,"s640":2.3333333333,"s641":2.6666666667,"s642":2.1666666667,"s644":2.1666666667,"s645":3.3333333333,"s646":3.8333333333,"s647":2.8333333333,"s648":1.5,"s649":1.3333333333},"health_safety":{"s130":1.8333333333,"s251":2.8333333333,"s358":3.0,"s445":3.8333333333,"s465":3.0,"s471":2.3333333333,"s483":2.5,"s491":1.0,"s495":2.3333333333,"s497":3.6666666667,"s499":4.6666666667,"s512":3.3333333333,"s513":4.5,"s526":1.3333333333,"s541":3.1666666667,"s546":4.1666666667,"s548":2.8333333333,"s549":2.0,"s553":4.8333333333,"s554":2.5,"s555":1.5,"s556":3.1666666667,"s561":3.8333333333,"s567":4.1666666667,"s570":2.3333333333,"s572":3.0,"s573":2.5,"s574":4.1666666667,"s579":3.1666666667,"s581":2.3333333333,"s583":2.8333333333,"s584":4.1666666667,"s585":3.8333333333,"s586":2.8333333333,"s587":2.8333333333,"s589":1.6666666667,"s593":2.8333333333,"s594":3.5,"s595":2.0,"s596":1.6666666667,"s597":2.1666666667,"s598":3.3333333333,"s601":2.8333333333,"s604":2.6666666667,"s605":4.0,"s606":4.5,"s607":1.5,"s608":2.0,"s609":3.5,"s610":2.6666666667,"s611":3.8333333333,"s612":5.6666666667,"s613":2.8333333333,"s614":3.6666666667,"s615":3.6666666667,"s616":2.0,"s617":2.3333333333,"s618":3.3333333333,"s619":4.0,"s621":4.3333333333,"s622":2.5,"s624":2.0,"s626":3.6666666667,"s627":3.8333333333,"s629":1.5,"s631":3.3333333333,"s633":1.5,"s634":2.3333333333,"s635":1.8333333333,"s636":3.1666666667,"s637":3.1666666667,"s640":3.5,"s641":2.8333333333,"s642":2.6666666667,"s644":4.5,"s645":1.8333333333,"s646":5.3333333333,"s647":1.6666666667,"s648":2.0,"s649":3.3333333333},"recreational":{"s130":1.1666666667,"s251":3.5,"s358":5.6666666667,"s445":4.0,"s465":7.0,"s471":4.0,"s483":2.5,"s491":2.8333333333,"s495":3.3333333333,"s497":3.8333333333,"s499":3.6666666667,"s512":3.6666666667,"s513":4.1666666667,"s526":2.0,"s541":2.6666666667,"s546":4.8333333333,"s548":2.8333333333,"s549":2.8333333333,"s553":3.0,"s554":3.0,"s555":5.3333333333,"s556":2.3333333333,"s561":4.1666666667,"s567":4.6666666667,"s570":5.5,"s572":2.5,"s573":3.5,"s574":6.8333333333,"s579":5.0,"s581":2.8333333333,"s583":6.0,"s584":3.5,"s585":3.3333333333,"s586":3.8333333333,"s587":3.1666666667,"s589":6.0,"s593":2.6666666667,"s594":6.0,"s595":1.8333333333,"s596":3.8333333333,"s597":3.8333333333,"s598":3.8333333333,"s601":3.0,"s604":2.3333333333,"s605":5.6666666667,"s606":4.6666666667,"s607":2.6666666667,"s608":2.8333333333,"s609":2.1666666667,"s610":4.8333333333,"s611":2.0,"s612":3.8333333333,"s613":4.6666666667,"s614":4.8333333333,"s615":6.3333333333,"s616":5.3333333333,"s617":4.6666666667,"s618":5.0,"s619":3.5,"s621":2.0,"s622":3.1666666667,"s624":4.8333333333,"s626":4.0,"s627":4.6666666667,"s629":2.6666666667,"s631":6.6666666667,"s633":3.1666666667,"s634":2.5,"s635":2.1666666667,"s636":2.3333333333,"s637":3.1666666667,"s640":4.1666666667,"s641":5.0,"s642":5.3333333333,"s644":4.8333333333,"s645":5.0,"s646":6.1666666667,"s647":4.0,"s648":3.5,"s649":3.8333333333},"social":{"s130":3.5,"s251":5.1666666667,"s358":5.3333333333,"s445":5.6666666667,"s465":6.5,"s471":4.6666666667,"s483":6.0,"s491":4.6666666667,"s495":5.6666666667,"s497":5.1666666667,"s499":3.6666666667,"s512":4.8333333333,"s513":4.1666666667,"s526":6.0,"s541":4.6666666667,"s546":5.3333333333,"s548":3.1666666667,"s549":3.8333333333,"s553":7.0,"s554":5.0,"s555":5.6666666667,"s556":4.8333333333,"s561":4.0,"s567":6.1666666667,"s570":5.0,"s572":4.5,"s573":5.6666666667,"s574":4.6666666667,"s579":5.8333333333,"s581":4.3333333333,"s583":4.5,"s584":5.1666666667,"s585":4.3333333333,"s586":4.5,"s587":4.3333333333,"s589":4.8333333333,"s593":4.8333333333,"s594":4.3333333333,"s595":5.6666666667,"s596":5.1666666667,"s597":6.0,"s598":4.3333333333,"s601":4.8333333333,"s604":5.5,"s605":5.8333333333,"s606":5.5,"s607":5.0,"s608":3.0,"s609":5.6666666667,"s610":6.1666666667,"s611":4.0,"s612":4.0,"s613":5.1666666667,"s614":4.5,"s615":6.6666666667,"s616":3.6666666667,"s617":4.1666666667,"s618":4.0,"s619":3.8333333333,"s621":5.5,"s622":4.0,"s624":4.5,"s626":4.1666666667,"s627":6.0,"s629":4.3333333333,"s631":5.3333333333,"s633":4.3333333333,"s634":4.5,"s635":4.0,"s636":3.0,"s637":6.5,"s640":7.0,"s641":5.6666666667,"s642":4.3333333333,"s644":6.0,"s645":5.6666666667,"s646":5.8333333333,"s647":5.0,"s648":4.5,"s649":5.3333333333}}