{"cognitive_restraint":{"s130":61.1111111111,"s172":33.3333333333,"s192":55.5555555556,"s251":27.7777777778,"s358":33.3333333333,"s445":11.1111111111,"s465":38.8888888889,"s471":27.7777777778,"s483":50.0,"s491":61.1111111111,"s495":5.5555555556,"s497":33.3333333333,"s499":55.5555555556,"s512":33.3333333333,"s513":44.4444444444,"s519":22.2222222222,"s524":27.7777777778,"s525":55.5555555556,"s526":38.8888888889,"s541":11.1111111111,"s546":0.0,"s548":27.7777777778,"s549":33.3333333333,"s553":16.6666666667,"s554":27.7777777778,"s555":66.6666666667,"s556":22.2222222222,"s558":66.6666666667,"s561":61.1111111111,"s568":50.0,"s570":33.3333333333,"s572":61.1111111111,"s573":22.2222222222,"s574":16.6666666667,"s579":38.8888888889,"s581":77.7777777778,"s582":16.6666666667,"s583":66.6666666667,"s584":83.3333333333,"s585":33.3333333333,"s586":55.5555555556,"s587":33.3333333333,"s589":61.1111111111,"s593":27.7777777778,"s594":72.2222222222,"s595":11.1111111111,"s596":5.5555555556,"s597":72.2222222222,"s598":11.1111111111,"s601":38.8888888889,"s604":11.1111111111,"s605":38.8888888889,"s606":22.2222222222,"s607":38.8888888889,"s608":50.0,"s609":55.5555555556,"s611":11.1111111111,"s612":55.5555555556,"s613":44.4444444444,"s615":22.2222222222,"s616":38.8888888889,"s617":61.1111111111,"s618":55.5555555556,"s619":33.3333333333,"s621":38.8888888889,"s622":50.0,"s624":61.1111111111,"s626":61.1111111111,"s627":27.7777777778,"s629":44.4444444444,"s631":11.1111111111,"s633":72.2222222222,"s634":11.1111111111,"s635":83.3333333333,"s636":16.6666666667,"s637":55.5555555556,"s640":16.6666666667,"s641":50.0,"s642":61.1111111111,"s644":16.6666666667,"s645":83.3333333333,"s646":61.1111111111,"s647":38.8888888889,"s648":44.4444444444,"s649":38.8888888889},"emotional_eating":{"s130":66.6666666667,"s172":11.1111111111,"s192":77.7777777778,"s251":44.4444444444,"s358":11.1111111111,"s445":44.4444444444,"s465":11.1111111111,"s471":66.6666666667,"s483":55.5555555556,"s491":100.0,"s495":11.1111111111,"s497":11.1111111111,"s499":44.4444444444,"s512":66.6666666667,"s513":44.4444444444,"s519":44.4444444444,"s524":22.2222222222,"s525":100.0,"s526":22.2222222222,"s541":66.6666666667,"s546":11.1111111111,"s548":44.4444444444,"s549":66.6666666667,"s553":0.0,"s554":66.6666666667,"s555":22.2222222222,"s556":44.4444444444,"s558":77.7777777778,"s561":44.4444444444,"s568":55.5555555556,"s570":33.3333333333,"s572":66.6666666667,"s573":11.1111111111,"s574":88.8888888889,"s579":77.7777777778,"s581":77.7777777778,"s582":100.0,"s583":22.2222222222,"s584":22.2222222222,"s585":77.7777777778,"s586":66.6666666667,"s587":66.6666666667,"s589":44.4444444444,"s593":33.3333333333,"s594":66.6666666667,"s595":33.3333333333,"s596":11.1111111111,"s597":55.5555555556,"s598":33.3333333333,"s601":55.5555555556,"s604":0.0,"s605":88.8888888889,"s606":0.0,"s607":11.1111111111,"s608":33.3333333333,"s609":0.0,"s611":55.5555555556,"s612":66.6666666667,"s613":33.3333333333,"s615":55.5555555556,"s616":0.0,"s617":0.0,"s618":33.3333333333,"s619":55.5555555556,"s621":100.0,"s622":22.2222222222,"s624":22.2222222222,"s626":55.5555555556,"s627":33.3333333333,"s629":11.1111111111,"s631":0.0,"s633":33.3333333333,"s634":0.0,"s635":55.5555555556,"s636":44.4444444444,"s637":88.8888888889,"s640":33.3333333333,"s641":55.5555555556,"s642":55.5555555556,"s644":11.1111111111,"s645":88.8888888889,"s646":55.5555555556,"s647":55.5555555556,"s648":55.5555555556,"s649":66.6666666667},"total":{"s130":47.0,"s172":30.0,"s192":46.0,"s251":38.0,"s358":37.0,"s445":27.0,"s465":37.0,"s471":49.0,"s483":47.0,"s491":53.0,"s495":24.0,"s497":34.0,"s499":47.0,"s512":48.0,"s513":43.0,"s519":48.0,"s524":35.0,"s525":54.0,"s526":28.0,"s541":38.0,"s546":22.0,"s548":42.0,"s549":33.0,"s553":22.0,"s554":43.0,"s555":46.0,"s556":36.0,"s558":57.0,"s561":46.0,"s568":45.0,"s570":37.0,"s572":44.0,"s573":31.0,"s574":43.0,"s579":43.0,"s581":52.0,"s582":51.0,"s583":43.0,"s584":48.0,"s585":49.0,"s586":49.0,"s587":45.0,"s589":45.0,"s593":35.0,"s594":51.0,"s595":28.0,"s596":24.0,"s597":51.0,"s598":28.0,"s601":42.0,"s604":26.0,"s605":52.0,"s606":29.0,"s607":32.0,"s608":40.0,"s609":35.0,"s611":28.0,"s612":50.0,"s613":40.0,"s615":40.0,"s616":34.0,"s617":35.0,"s618":47.0,"s619":46.0,"s621":55.0,"s622":39.0,"s624":42.0,"s626":52.0,"s627":39.0,"s629":32.0,"s631":35.0,"s633":43.0,"s634":37.0,"s635":55.0,"s636":37.0,"s637":43.0,"s640":39.0,"s641":38.0,"s642":47.0,"s644":27.0,"s645":53.0,"s646":48.0,"s647":32.0,"s648":34.0,"s649":40.0},"uncontrolled_eating":{"s130":44.4444444444,"s172":18.5185185185,"s192":40.7407407407,"s251":40.7407407407,"s358":44.4444444444,"s445":11.1111111111,"s465":40.7407407407,"s471":74.0740740741,"s483":55.5555555556,"s491":55.5555555556,"s495":14.8148148148,"s497":33.3333333333,"s499":55.5555555556,"s512":66.6666666667,"s513":48.1481481481,"s519":81.4814814815,"s524":37.037037037,"s525":62.962962963,"s526":3.7037037037,"s541":44.4444444444,"s546":11.1111111111,"s548":55.5555555556,"s549":11.1111111111,"s553":3.7037037037,"s554":51.8518518519,"s555":51.8518518519,"s556":37.037037037,"s558":74.0740740741,"s561":48.1481481481,"s568":48.1481481481,"s570":37.037037037,"s572":33.3333333333,"s573":29.6296296296,"s574":51.8518518519,"s579":40.7407407407,"s581":48.1481481481,"s582":77.7777777778,"s583":40.7407407407,"s584":48.1481481481,"s585":66.6666666667,"s586":55.5555555556,"s587":55.5555555556,"s589":44.4444444444,"s593":33.3333333333,"s594":51.8518518519,"s595":18.5185185185,"s596":14.8148148148,"s597":55.5555555556,"s598":18.5185185185,"s601":44.4444444444,"s604":22.2222222222,"s605":70.3703703704,"s606":25.9259259259,"s607":22.2222222222,"s608":37.037037037,"s609":25.9259259259,"s611":11.1111111111,"s612":59.2592592593,"s613":40.7407407407,"s615":48.1481481481,"s616":33.3333333333,"s617":22.2222222222,"s618":59.2592592593,"s619":62.962962963,"s621":77.7777777778,"s622":37.037037037,"s624":40.7407407407,"s626":66.6666666667,"s627":48.1481481481,"s629":18.5185185185,"s631":55.5555555556,"s633":33.3333333333,"s634":62.962962963,"s635":62.962962963,"s636":44.4444444444,"s637":25.9259259259,"s640":55.5555555556,"s641":22.2222222222,"s642":48.1481481481,"s644":18.5185185185,"s645":44.4444444444,"s646":51.8518518519,"s647":7.4074074074,"s648":11.1111111111,"s649":33.3333333333}}