{"reappraisal":{"s130":4.8333333333,"s172":4.8333333333,"s192":3.8333333333,"s251":5.6666666667,"s358":3.0,"s373":4.8333333333,"s445":4.0,"s465":4.8333333333,"s471":4.1666666667,"s483":3.6666666667,"s491":3.6666666667,"s495":6.3333333333,"s497":4.0,"s499":7.0,"s512":5.5,"s524":4.3333333333,"s525":6.0,"s526":4.5,"s541":4.1666666667,"s546":5.6666666667,"s548":3.1666666667,"s549":5.3333333333,"s553":4.1666666667,"s554":5.5,"s555":7.0,"s556":6.5,"s557":4.5,"s561":3.6666666667,"s567":4.5,"s570":5.0,"s572":4.5,"s573":4.8333333333,"s574":3.3333333333,"s579":5.0,"s581":6.8333333333,"s583":5.8333333333,"s584":4.8333333333,"s585":3.8333333333,"s586":3.3333333333,"s587":6.8333333333,"s589":4.1666666667,"s593":5.8333333333,"s594":4.5,"s595":4.0,"s596":5.6666666667,"s597":5.0,"s598":4.5,"s601":5.8333333333,"s604":4.6666666667,"s605":4.0,"s606":4.8333333333,"s607":5.3333333333,"s608":4.6666666667,"s609":3.3333333333,"s611":4.0,"s612":4.3333333333,"s613":5.0,"s615":4.1666666667,"s616":6.3333333333,"s617":5.1666666667,"s618":5.0,"s619":4.6666666667,"s621":2.6666666667,"s622":4.8333333333,"s624":5.1666666667,"s626":3.1666666667,"s627":3.3333333333,"s629":6.0,"s631":3.5,"s633":6.3333333333,"s634":4.8333333333,"s635":5.3333333333,"s636":4.0,"s637":5.0,"s640":5.5,"s641":5.0,"s642":4.1666666667,"s643":3.8333333333,"s644":6.3333333333,"s645":6.6666666667,"s646":5.5,"s647":5.6666666667,"s648":3.0,"s649":3.8333333333},"suppression":{"s130":4.5,"s172":2.0,"s192":4.75,"s251":4.0,"s358":2.75,"s373":2.25,"s445":4.0,"s465":5.0,"s471":4.0,"s483":3.0,"s491":4.25,"s495":4.5,"s497":3.75,"s499":7.0,"s512":3.75,"s524":4.0,"s525":1.75,"s526":1.5,"s541":4.5,"s546":4.5,"s548":2.5,"s549":4.5,"s553":3.75,"s554":4.5,"s555":1.75,"s556":6.0,"s557":1.5,"s561":3.25,"s567":2.0,"s570":4.0,"s572":5.0,"s573":3.5,"s574":5.0,"s579":2.0,"s581":5.75,"s583":2.75,"s584":4.5,"s585":5.0,"s586":3.5,"s587":1.5,"s589":3.0,"s593":1.75,"s594":4.5,"s595":2.5,"s596":2.25,"s597":2.25,"s598":3.25,"s601":2.0,"s604":3.75,"s605":5.5,"s606":1.25,"s607":2.5,"s608":4.25,"s609":2.75,"s611":3.75,"s612":3.5,"s613":2.75,"s615":2.5,"s616":5.75,"s617":4.75,"s618":5.0,"s619":3.5,"s621":3.25,"s622":4.5,"s624":5.25,"s626":4.5,"s627":4.75,"s629":4.0,"s631":1.5,"s633":2.5,"s634":4.5,"s635":1.25,"s636":3.75,"s637":5.25,"s640":1.0,"s641":4.25,"s642":2.5,"s643":4.25,"s644":4.75,"s645":3.0,"s646":5.0,"s647":2.5,"s648":1.25,"s649":6.25}}