{"acc":{"s130":0.9885714286,"s172":0.9771428571,"s251":0.9771428571,"s358":0.9828571429,"s445":0.9514285714,"s465":0.9457142857,"s483":0.9714285714,"s491":0.9714285714,"s495":0.9942857143,"s497":0.9657142857,"s499":0.9571428571,"s512":0.98,"s519":0.9714285714,"s526":0.9742857143,"s541":0.9542857143,"s546":0.9885714286,"s548":0.9828571429,"s549":0.98,"s553":0.9942857143,"s554":0.9714285714,"s555":1.0,"s556":0.9628571429,"s561":0.9742857143,"s570":0.98,"s572":0.98,"s573":0.9857142857,"s574":0.9485714286,"s579":0.9485714286,"s581":0.94,"s583":0.9942857143,"s584":0.9657142857,"s585":0.9657142857,"s586":0.94,"s587":0.9857142857,"s589":0.96,"s593":0.9714285714,"s594":0.9742857143,"s595":0.9514285714,"s596":0.9685714286,"s597":0.9828571429,"s598":0.9742857143,"s601":0.9542857143,"s604":0.96,"s605":0.9657142857,"s606":0.9742857143,"s607":0.9885714286,"s608":0.96,"s609":1.0,"s611":0.9742857143,"s612":0.9342857143,"s613":0.9142857143,"s615":0.9942857143,"s616":0.9485714286,"s617":0.9457142857,"s618":0.9742857143,"s619":0.9228571429,"s621":0.9857142857,"s622":0.9571428571,"s624":0.9514285714,"s626":0.86,"s627":0.9628571429,"s628":0.9771428571,"s629":0.9657142857,"s631":0.9828571429,"s633":0.9771428571,"s634":0.96,"s635":0.9142857143,"s636":0.7714285714,"s637":0.98,"s640":0.9628571429,"s641":0.9628571429,"s642":0.96,"s644":0.9485714286,"s645":0.9542857143,"s646":0.9914285714,"s647":0.9857142857,"s648":0.9828571429,"s649":0.1},"bias":{"s130":-0.8893284577,"s172":-0.9437793146,"s251":-1.1195720593,"s358":-0.8308046694,"s445":-1.0456253022,"s465":-1.5451691339,"s483":-0.7514882369,"s491":-1.2083775268,"s495":-0.7017421781,"s497":-0.9630841912,"s499":-1.4013457528,"s512":-0.8903224109,"s519":-1.2083775268,"s526":-1.1652624446,"s541":-0.7539398563,"s546":-0.4564488425,"s548":-1.0170844173,"s549":-0.8903224109,"s553":-0.4134816835,"s554":-1.0385004382,"s555":0.0,"s556":-1.327315884,"s561":-1.1652624446,"s570":-1.070541321,"s572":-0.8903224109,"s573":-0.5622446405,"s574":-1.192241406,"s579":-1.5092602536,"s581":-0.6859956848,"s583":-0.7017421781,"s584":-1.1227206548,"s585":-1.2890129855,"s586":-0.4962884263,"s587":-0.9575666758,"s589":-0.9304295772,"s593":-1.2083775268,"s594":-0.9928100529,"s595":-1.3107727352,"s596":-0.6968457445,"s597":-1.0170844173,"s598":-1.1652624446,"s601":-1.4375347416,"s604":-1.3646783862,"s605":-1.1227206548,"s606":-0.9928100529,"s607":-0.8893284577,"s608":-1.2005538776,"s609":0.0,"s611":-1.1652624446,"s612":-0.7041304192,"s613":-0.4244534799,"s615":-0.7017421781,"s616":-1.3466816155,"s617":-1.5451691339,"s618":-1.1652624446,"s619":-1.5290330131,"s621":-0.9575666758,"s622":-1.2379163798,"s624":-1.1560524173,"s626":-1.2373191973,"s627":-1.327315884,"s628":-1.1195720593,"s629":-0.7458764829,"s631":-1.0170844173,"s633":-0.9437793146,"s634":-1.3646783862,"s635":-0.7441894121,"s636":0.1128988501,"s637":-0.8903224109,"s640":-1.327315884,"s641":-1.327315884,"s642":-1.0437196499,"s644":-0.6936350883,"s645":-0.4535974409,"s646":-0.8075379761,"s647":-0.9575666758,"s648":-0.8308046694,"s649":null},"commission_errors":{"s130":0.1142857143,"s172":0.2,"s251":0.2285714286,"s358":0.1428571429,"s445":0.4,"s465":0.5428571429,"s483":0.2,"s491":0.2857142857,"s495":0.0571428571,"s497":0.2857142857,"s499":0.4285714286,"s512":0.1714285714,"s519":0.2857142857,"s526":0.2571428571,"s541":0.2857142857,"s546":0.0571428571,"s548":0.1714285714,"s549":0.1714285714,"s553":0.0285714286,"s554":0.2571428571,"s555":0.0,"s556":0.3714285714,"s561":0.2571428571,"s570":0.2,"s572":0.1714285714,"s573":0.0857142857,"s574":0.4571428571,"s579":0.5142857143,"s581":0.3142857143,"s583":0.0571428571,"s584":0.3142857143,"s585":0.3428571429,"s586":0.2285714286,"s587":0.1428571429,"s589":0.3142857143,"s593":0.2857142857,"s594":0.2285714286,"s595":0.4571428571,"s596":0.2,"s597":0.1714285714,"s598":0.2571428571,"s601":0.4571428571,"s604":0.4,"s605":0.3142857143,"s606":0.2285714286,"s607":0.1142857143,"s608":0.3714285714,"s609":0.0,"s611":0.2571428571,"s612":0.3428571429,"s613":0.2571428571,"s615":0.0571428571,"s616":0.4857142857,"s617":0.5428571429,"s618":0.2571428571,"s619":0.7142857143,"s621":0.1428571429,"s622":0.4,"s624":0.4285714286,"s626":0.8285714286,"s627":0.3714285714,"s628":0.2285714286,"s629":0.2285714286,"s631":0.1714285714,"s633":0.2,"s634":0.4,"s635":0.4285714286,"s636":0.1714285714,"s637":0.1714285714,"s640":0.3714285714,"s641":0.3714285714,"s642":0.3428571429,"s644":0.2857142857,"s645":0.1714285714,"s646":0.0857142857,"s647":0.1428571429,"s648":0.1428571429,"s649":0.0},"dprime":{"s130":4.1867508355,"s172":3.5708010963,"s251":3.7262636324,"s358":3.7967503866,"s445":2.5979448106,"s465":2.8750694831,"s483":3.186218941,"s491":3.5486526974,"s495":4.5619233948,"s497":3.0580660263,"s499":3.1627162453,"s512":3.6777149035,"s519":3.5486526974,"s526":3.6348828618,"s541":2.6397773564,"s546":4.0713367236,"s548":3.9312389163,"s549":3.6777149035,"s553":4.6313963585,"s554":3.3813588491,"s555":5.965407751,"s556":3.310775983,"s561":3.6348828618,"s570":3.8243251091,"s572":3.6777149035,"s573":3.8597451277,"s574":2.5997515967,"s579":2.9468872438,"s581":2.3394684758,"s583":4.5619233948,"s584":3.2129184158,"s585":3.38738178,"s586":2.4796963663,"s587":4.0502743994,"s589":2.8283362605,"s593":3.5486526974,"s594":3.4727396196,"s595":2.8368142551,"s596":3.0769339562,"s597":3.9312389163,"s598":3.6348828618,"s601":3.0903382679,"s604":3.2360509786,"s605":3.2129184158,"s606":3.4727396196,"s607":4.1867508355,"s608":3.0572519702,"s609":5.965407751,"s611":3.6348828618,"s612":2.2176166475,"s613":2.1532649324,"s615":4.5619233948,"s616":2.7649964944,"s617":2.8750694831,"s618":3.6348828618,"s619":1.9261683824,"s621":4.0502743994,"s622":2.9825269658,"s624":2.6721295741,"s626":0.5775683129,"s627":3.310775983,"s628":3.7262636324,"s629":2.9788724795,"s631":3.9312389163,"s633":3.5708010963,"s634":3.2360509786,"s635":1.8484035637,"s636":1.6712723815,"s637":3.6777149035,"s640":3.310775983,"s641":3.310775983,"s642":2.8967951089,"s644":2.5191678205,"s645":2.8042649635,"s646":4.3503317988,"s647":4.0502743994,"s648":3.7967503866,"s649":null},"go_acc":{"s130":1.0,"s172":0.9968253968,"s251":1.0,"s358":0.9968253968,"s445":0.9904761905,"s465":1.0,"s483":0.9904761905,"s491":1.0,"s495":1.0,"s497":0.9936507937,"s499":1.0,"s512":0.9968253968,"s519":1.0,"s526":1.0,"s541":0.980952381,"s546":0.9936507937,"s548":1.0,"s549":0.9968253968,"s553":0.9968253968,"s554":0.9968253968,"s555":1.0,"s556":1.0,"s561":1.0,"s570":1.0,"s572":0.9968253968,"s573":0.9936507937,"s574":0.9936507937,"s579":1.0,"s581":0.9682539683,"s583":1.0,"s584":0.9968253968,"s585":1.0,"s586":0.9587301587,"s587":1.0,"s589":0.9904761905,"s593":1.0,"s594":0.9968253968,"s595":0.9968253968,"s596":0.9873015873,"s597":1.0,"s598":1.0,"s601":1.0,"s604":1.0,"s605":0.9968253968,"s606":0.9968253968,"s607":1.0,"s608":0.9968253968,"s609":1.0,"s611":1.0,"s612":0.9650793651,"s613":0.9333333333,"s615":1.0,"s616":0.9968253968,"s617":1.0,"s618":1.0,"s619":0.9936507937,"s621":1.0,"s622":0.9968253968,"s624":0.9936507937,"s626":0.9365079365,"s627":1.0,"s628":1.0,"s629":0.9873015873,"s631":1.0,"s633":0.9968253968,"s634":1.0,"s635":0.9523809524,"s636":0.7650793651,"s637":0.9968253968,"s640":1.0,"s641":1.0,"s642":0.9936507937,"s644":0.9746031746,"s645":0.9682539683,"s646":1.0,"s647":1.0,"s648":0.9968253968,"s649":0.0},"go_rt":{"s130":339.0,"s172":376.0,"s251":337.0,"s358":318.5,"s445":340.0,"s465":376.0,"s483":283.0,"s491":311.0,"s495":310.0,"s497":343.0,"s499":333.0,"s512":322.0,"s519":297.0,"s526":311.0,"s541":348.0,"s546":385.0,"s548":428.0,"s549":333.0,"s553":402.0,"s554":324.0,"s555":372.0,"s556":326.0,"s561":276.0,"s570":344.0,"s572":327.0,"s573":375.0,"s574":368.0,"s579":364.0,"s581":388.0,"s583":343.0,"s584":349.0,"s585":298.0,"s586":413.5,"s587":355.0,"s589":295.0,"s593":332.0,"s594":267.0,"s595":295.5,"s596":347.0,"s597":286.0,"s598":366.0,"s601":295.0,"s604":415.0,"s605":325.0,"s606":326.0,"s607":347.0,"s608":328.0,"s609":397.0,"s611":326.0,"s612":403.0,"s613":392.0,"s615":317.0,