{"acc":{"s130":0.5444444444,"s172":0.3659217877,"s251":0.4472934473,"s358":0.3303303303,"s373":0.635097493,"s445":0.5976331361,"s465":0.3139534884,"s471":null,"s483":0.3711048159,"s491":0.7666666667,"s495":0.6218487395,"s497":0.2857142857,"s499":0.3008595989,"s512":0.3362318841,"s519":0.4497206704,"s524":0.6106442577,"s525":0.7724719101,"s526":0.5282485876,"s541":0.5055555556,"s546":0.2976190476,"s548":0.3697183099,"s549":0.3585434174,"s553":0.4090909091,"s554":0.6222222222,"s555":0.6333333333,"s556":0.4550561798,"s558":0.6333333333,"s561":0.3342776204,"s567":0.5742296919,"s570":0.4735376045,"s572":0.625698324,"s573":0.367781155,"s574":0.3470588235,"s579":0.4888888889,"s581":0.5138888889,"s582":0.3597560976,"s583":0.3659217877,"s584":0.3081761006,"s585":0.4777777778,"s586":0.3240740741,"s587":0.3473389356,"s589":0.3735955056,"s593":0.5833333333,"s594":0.5277777778,"s595":0.4512534819,"s596":0.5270655271,"s597":0.5335195531,"s598":0.5222222222,"s601":0.5833333333,"s602":0.3353115727,"s604":0.4523809524,"s605":0.2924791086,"s606":0.5543175487,"s607":0.504178273,"s608":0.6330532213,"s609":0.3343023256,"s611":0.4016853933,"s612":0.3274336283,"s613":0.3177842566,"s615":0.8694444444,"s616":0.5277777778,"s617":0.6555555556,"s618":0.3050847458,"s619":0.3114285714,"s621":0.635097493,"s622":0.4040697674,"s624":0.3746312684,"s626":0.3593314763,"s627":0.5267605634,"s629":0.3615819209,"s631":0.6545961003,"s633":0.4305555556,"s634":0.5391061453,"s635":0.316091954,"s636":0.3015384615,"s637":0.3909348442,"s640":0.5527777778,"s641":0.6,"s642":0.3728813559,"s644":0.6174698795,"s645":0.6297376093,"s646":0.3931623932,"s647":0.335243553,"s648":0.3994334278,"s649":0.3491525424},"avg_rt":{"s130":851.5,"s172":606.0,"s251":785.0,"s358":632.0,"s373":776.0,"s445":746.0,"s465":530.0,"s471":null,"s483":663.0,"s491":938.5,"s495":1412.5,"s497":1035.0,"s499":326.0,"s512":461.5,"s519":955.0,"s524":1183.5,"s525":1196.0,"s526":1165.0,"s541":959.5,"s546":714.5,"s548":635.0,"s549":626.0,"s553":772.0,"s554":723.5,"s555":730.5,"s556":1045.5,"s558":1106.0,"s561":390.0,"s567":929.0,"s570":923.5,"s572":683.5,"s573":662.0,"s574":413.5,"s579":1034.5,"s581":874.0,"s582":553.0,"s583":709.0,"s584":523.5,"s585":1026.5,"s586":445.5,"s587":921.0,"s589":762.0,"s593":853.5,"s594":741.5,"s595":799.0,"s596":786.0,"s597":821.0,"s598":816.5,"s601":711.0,"s602":484.0,"s604":869.5,"s605":573.0,"s606":627.0,"s607":746.0,"s608":1457.0,"s609":422.0,"s611":715.0,"s612":554.0,"s613":712.0,"s615":865.0,"s616":1035.5,"s617":680.0,"s618":602.5,"s619":369.0,"s621":961.0,"s622":726.0,"s624":549.0,"s626":83.0,"s627":719.0,"s629":504.0,"s631":757.0,"s633":635.0,"s634":1244.0,"s635":412.5,"s636":587.0,"s637":942.5,"s640":928.0,"s641":834.5,"s642":563.5,"s644":1061.0,"s645":826.5,"s646":752.5,"s647":639.0,"s648":722.0,"s649":780.0},"avg_rt_error":{"s130":907.5,"s172":616.0,"s251":759.5,"s358":606.0,"s373":808.0,"s445":809.0,"s465":547.5,"s471":null,"s483":632.5,"s491":968.0,"s495":1580.0,"s497":1029.0,"s499":323.0,"s512":433.0,"s519":1053.0,"s524":1124.0,"s525":1448.0,"s526":1201.0,"s541":922.5,"s546":686.0,"s548":674.0,"s549":657.0,"s553":775.5,"s554":739.0,"s555":826.5,"s556":1001.5,"s558":1328.0,"s561":441.0,"s567":854.5,"s570":947.0,"s572":702.0,"s573":654.0,"s574":468.5,"s579":1119.5,"s581":913.0,"s582":502.5,"s583":679.0,"s584":500.5,"s585":1113.0,"s586":483.0,"s587":918.0,"s589":767.0,"s593":911.0,"s594":801.0,"s595":810.0,"s596":791.5,"s597":909.0,"s598":861.0,"s601":770.0,"s602":476.5,"s604":880.5,"s605":520.5,"s606":637.0,"s607":753.0,"s608":1479.0,"s609":443.0,"s611":723.0,"s612":561.0,"s613":681.5,"s615":721.0,"s616":1210.0,"s617":733.5,"s618":595.5,"s619":296.0,"s621":878.0,"s622":688.0,"s624":569.0,"s626":101.0,"s627":658.5,"s629":468.5,"s631":872.5,"s633":666.0,"s634":1576.0,"s635":417.0,"s636":566.0,"s637":1047.0,"s640":1014.0,"s641":923.0,"s642":549.5,"s644":987.0,"s645":816.0,"s646":823.0,"s647":629.5,"s648":444.5,"s649":647.5},"missed_percent":{"s130":0.0,"s172":0.0055555556,"s251":0.025,"s358":0.075,"s373":0.0027777778,"s445":0.0611111111,"s465":0.0444444444,"s471":1.0,"s483":0.0194444444,"s491":0.0,"s495":0.0083333333,"s497":0.7083333333,"s499":0.0305555556,"s512":0.0416666667,"s519":0.0055555556,"s524":0.0083333333,"s525":0.0111111111,"s526":0.0166666667,"s541":0.0,"s546":0.0666666667,"s548":0.2111111111,"s549":0.0083333333,"s553":0.0222222222,"s554":0.0,"s555":0.0,"s556":0.0111111111,"s558":0.0,"s561":0.0194444444,"s567":0.0083333333,"s570":0.0027777778,"s572":0.0055555556,"s573":0.0861111111,"s574":0.0555555556,"s579":0.0,"s581":0.0,"s582":0.0888888889,"s583":0.0055555556,"s584":0.1166666667,"s585":0.0,"s586":0.4,"s587":0.0083333333,"s589":0.0111111111,"s593":0.0,"s594":0.0,"s595":0.0027777778,"s596":0.025,"s597":0.0055555556,"s598":0.0,"s601":0.0,"s602":0.0638888889,"s604":0.0666666667,"s605":0.0027777778,"s606":0.0027777778,"s607":0.0027777778,"s608":0.0083333333,"s609":0.0444444444,"s611":0.0111111111,"s612":0.0583333333,"s613":0.0472222222,"s615":0.0,"s616":0.0,"s617":0.0,"s618":0.0166666667,"s619":0.0277777778,"s621":0.0027777778,"s622":0.0444444444,"s624":0.0583333333,"s626":0.0027777778,"s627":0.0138888889,"s629":0.0166666667,"s631":0.0027777778,"s633":0.0,"s634":0.0055555556,"s635":0.0333333333,"s636":0.0972222222,"s637":0.0194444444,"s640":0.0,"s641":0.0,"s642":0.0166666667,"s644":0.0777777778,"s645":0.0472222222,"s646":0.025,"s647":0.0305555556,"s648":0.0194444444,"s649":0.1805555556},"post_error_slowing":{"s130":24.0454545455,"s172":-41.32,"s251":-20.5909090909,"s358":116.7083333333,"s373":7.3859649123,"s445":25.8695652174,"s465":-4.7333333333,"s471":null,"s483":113.4838709677,"s491":27.2307692308,"s495":135.6,"s497":null,"s499":10.4761904762,"s512":8.9444444444,"s519":-24.5681818182,"s524":22.9019607843,"s525":-42.5172413793,"s526":26.1621621622,"s541":-40.1666666667,"s546":170.4666666667,"s548":-61.6,"s549":-3.7,"s553":13.5806451613,"s554":0.7708333333,"s555":13.3409090909,"s556":182.5428571429,"s558":56.3488372093,"s561":76.32,"s567":12.8620689655,"s570":37.4166666667,"s572":56.175,"s573":-4.4230769231,"s574":-88.24,"s579":-63.6585365854,"s581":5.3725490196,"s582":227.5909090909,"s583":-29.875,"s584":149.375,"s585":-2.0,"s586":98.7692307692,"s587":-66.5357142857,"s589":88.7380952381,"s593":47.8043478261,"s594":10.2222222222,"s595":-6.375,"s596":-13.78,"s597":10.6346153846,"s598":-26.2325581395,"s601":90.6279069767,"s602":82.5652173913,"s604":36.0588235294,"s605":-19.7894736842,"s606":-14.8541666667,"s607":-11.7804878049,"s608":70.9019607843,"s609":27.4347826087,"s611":50.027027027,"s612":-131.4,"s613":-46.2272727273,"s615":28.5555555556,"s616":-8.2093023256,"s617":4.6956521739,"s618":77.64,"s619":-74.1304347826,"s621":-39.0204081633,"s622":-95.8064516129,"s624":2.25,"s626":12.7435897436,"s627":13.1555555556,"s629":-33.6153846154,"s631":34.2702702703,"s633":-34.3939393939,"s634":0.7959183673,"s635":30.619047619,"s636":160.5,"s637":48.5483870968,"s640":40.0869565217,"s641":-7.5769230769,"s642":-9.8888888889,"s644":83.7924528302,"s645":-0.2352941176,"s646":25.125,"s647":-42.0526315789,"s648":-131.6216216216,"s649":-130.8571428571},"score":{"s130":196.0,"s172":131.0,"s251":157.0,"s358":110.0,"s373":228.0,"s445":202.0,"s465":108.0,"s471":0.0,"s483":131.0,"s491":276.0,"s495":222.0,"s497":30.0,"s499":105.0,"s512":116.0,"s519":161.0,"s524":218.0,"s525":275.0,"s526":187.0,"s541":182.0,"s546":100.0,"s548":105.0,"s549":128.0,"s553":144.0,"s554":224.0,"s555":228.0,"s556":162.0,"s558":228.0,"s561":118.0,"s567":205.0,"s570":170.0,"s572":224.0,"s573":121.0,"s574":118.0,"s579":176.0,"s581":185.0,"s582":118.0,"s583":131.0,"s584":98.0,"s585":172.0,"s586":70.0,"s587":124.0,"s589":133.0,"s593":210.0,"s594":190.0,"s595":162.0,"s596":185.0,"s597":191.0,"s598":188.0,"s601":210.0,"s602":113.0,"s604":152.0,"s605":105.0,"s606":199.0,"s607":181.0,"s608":226.0,"s609":115.0,"s611":143.0,"s612":111.0,"s613":109.0,"s615":313.0,"s616":190.0,"s617":236.0,"s618":108.0,"s619":109.0,"s621":228.0,"s622":139.0,