{"beta":{"s130":10.925098711,"s172":10.925098711,"s192":2.3916188301,"s251":59.8991114415,"s358":59.8991114415,"s373":9.0437809954,"s445":59.8991114415,"s465":31.0929504774,"s471":59.8991114415,"s483":7.6113128603,"s491":0.0331595576,"s495":1.2928725743,"s497":0.0331595576,"s499":2.3916188301,"s512":1.2928725743,"s513":0.4166547361,"s524":7.6113128603,"s525":7.6113128603,"s526":7.6113128603,"s541":7.6113128603,"s546":7.6113128603,"s548":-0.8201295979,"s549":59.8991114415,"s553":25.7627506452,"s554":1.2928725743,"s555":3.1133116671,"s556":1.2928725743,"s557":7.6113128603,"s558":1.2928725743,"s561":0.269837789,"s567":0.4957778092,"s570":4.755929149,"s572":2.3916188301,"s573":1.2928725743,"s574":59.8991114415,"s579":0.0331595576,"s581":59.8991114415,"s582":2.3916188301,"s583":3.8594254336,"s584":0.6610047998,"s585":7.6113128603,"s586":2.0529772385,"s587":25.7627506452,"s588":46.0626954627,"s589":2.3916188301,"s592":1.2928725743,"s593":7.6113128603,"s594":7.6113128603,"s595":59.8991114415,"s596":25.7627506452,"s597":-31.6061405541,"s598":59.8991114415,"s601":2.3916188301,"s604":1.2928725743,"s605":25.7627506452,"s606":-3.6192138953,"s607":7.6113128603,"s608":10.925098711,"s609":10.925098711,"s611":59.8991114415,"s612":2.3916188301,"s613":-0.2536169821,"s615":59.8991114415,"s616":25.7627506452,"s617":4.755929149,"s618":-31.6061405541,"s619":46.0626954627,"s621":2.3916188301,"s622":1.2928725743,"s624":1.2928725743,"s626":-0.5159130479,"s627":1.2928725743,"s629":0.5479159981,"s631":0.0331595576,"s633":3.8594254336,"s634":2.3916188301,"s635":1.2928725743,"s636":-31.14061609,"s637":7.6113128603,"s640":2.3916188301,"s641":59.8991114415,"s642":0.0331595576,"s644":1.2928725743,"s645":1.2928725743,"s646":2.4044997576,"s647":25.7627506452,"s648":59.8991114415,"s649":46.0626954627},"neg_log_ll":{"s130":0.0608676394,"s172":0.0608676394,"s192":0.0028022054,"s251":0.0000626642,"s358":0.0000626642,"s373":2.3264545367,"s445":0.0000626642,"s465":0.0,"s471":0.0000626642,"s483":0.1172895604,"s491":0.0000355118,"s495":0.0266789706,"s497":0.0000355118,"s499":0.0028022054,"s512":0.0266789706,"s513":6.1826511823,"s524":0.1172895604,"s525":0.1172895604,"s526":0.1172895604,"s541":0.1172895604,"s546":0.1172895604,"s548":4.7673647988,"s549":0.0000626642,"s553":0.0,"s554":0.0266789706,"s555":4.6711148331,"s556":0.0266789706,"s557":0.1172895604,"s558":0.0266789706,"s561":6.1828903399,"s567":5.1857829263,"s570":2.455450532,"s572":0.0028022054,"s573":0.0266789706,"s574":0.0000626642,"s579":0.0000355118,"s581":0.0000626642,"s582":0.0028022054,"s583":2.4554677034,"s584":4.1444417721,"s585":0.1172895604,"s586":3.4260884733,"s587":0.0,"s588":0.0009102345,"s589":0.0028022054,"s592":0.0266789706,"s593":0.1172895604,"s594":0.1172895604,"s595":0.0000626642,"s596":0.0,"s597":0.0001367134,"s598":0.0000626642,"s601":0.0028022054,"s604":0.0266789706,"s605":0.0,"s606":5.3404411317,"s607":0.1172895604,"s608":0.0608676394,"s609":0.0608676394,"s611":0.0000626642,"s612":0.0028022054,"s613":6.0428544413,"s615":0.0000626642,"s616":0.0,"s617":2.455450532,"s618":0.0001367134,"s619":0.0009102345,"s621":0.0028022054,"s622":0.0266789706,"s624":0.0266789706,"s626":6.1826541977,"s627":0.0266789706,"s629":5.7286279571,"s631":0.0000355118,"s633":2.4554677034,"s634":0.0028022054,"s635":0.0266789706,"s636":0.0,"s637":0.1172895604,"s640":0.0028022054,"s641":0.0000626642,"s642":0.0000355118,"s644":0.0266789706,"s645":0.0266789706,"s646":2.4416135772,"s647":0.0,"s648":0.0000626642,"s649":0.0009102345},"number_of_switches":{"s130":1,"s172":1,"s192":1,"s251":1,"s358":1,"s373":3,"s445":1,"s465":0,"s471":1,"s483":1,"s491":1,"s495":1,"s497":1,"s499":1,"s512":1,"s513":9,"s524":1,"s525":1,"s526":1,"s541":1,"s546":1,"s548":3,"s549":1,"s553":1,"s554":1,"s555":3,"s556":1,"s557":1,"s558":1,"s561":6,"s567":5,"s570":3,"s572":1,"s573":1,"s574":1,"s579":1,"s581":1,"s582":1,"s583":3,"s584":5,"s585":1,"s586":3,"s587":1,"s588":0,"s589":1,"s592":1,"s593":1,"s594":1,"s595":1,"s596":1,"s597":1,"s598":1,"s601":1,"s604":1,"s605":1,"s606":3,"s607":1,"s608":1,"s609":1,"s611":1,"s612":1,"s613":2,"s615":1,"s616":1,"s617":3,"s618":1,"s619":0,"s621":1,"s622":1,"s624":1,"s626":5,"s627":1,"s629":2,"s631":1,"s633":3,"s634":1,"s635":1,"s636":0,"s637":1,"s640":1,"s641":1,"s642":1,"s644":1,"s645":1,"s646":3,"s647":1,"s648":1,"s649":0},"prob_weighting":{"s130":0.9214174355,"s172":0.9214174355,"s192":-2.7538603758,"s251":-8.5507035957,"s358":-8.5507035957,"s373":0.5979101855,"s445":-8.5507035957,"s465":1.0012522265,"s471":-8.5507035957,"s483":0.7339492028,"s491":-1.0338362518,"s495":0.514558072,"s497":-1.0338362518,"s499":-2.7538603758,"s512":0.514558072,"s513":0.9998244878,"s524":0.7339492028,"s525":0.7339492028,"s526":0.7339492028,"s541":0.7339492028,"s546":0.7339492028,"s548":0.9999999228,"s549":-8.5507035957,"s553":0.9984046207,"s554":0.514558072,"s555":0.9839534352,"s556":0.514558072,"s557":0.7339492028,"s558":0.514558072,"s561":1.0,"s567":0.9312439831,"s570":0.9702357931,"s572":-2.7538603758,"s573":0.514558072,"s574":-8.5507035957,"s579":-1.0338362518,"s581":-8.5507035957,"s582":-2.7538603758,"s583":0.9659168088,"s584":0.8133340604,"s585":0.7339492028,"s586":0.9589598813,"s587":0.9984046207,"s588":1.000384038,"s589":-2.7538603758,"s592":0.514558072,"s593":0.7339492028,"s594":0.7339492028,"s595":-8.5507035957,"s596":0.9984046207,"s597":1.2293174119,"s598":-8.5507035957,"s601":-2.7538603758,"s604":0.514558072,"s605":0.9984046207,"s606":1.3631417869,"s607":0.7339492028,"s608":0.9214174355,"s609":0.9214174355,"s611":-8.5507035957,"s612":-2.7538603758,"s613":0.3023046157,"s615":-8.5507035957,"s616":0.9984046207,"s617":0.9702357931,"s618":1.2293174119,"s619":1.000384038,"s621":-2.7538603758,"s622":0.514558072,"s624":0.514558072,"s626":1.0,"s627":0.514558072,"s629":1.000000006,"s631":-1.0338362518,"s633":0.9659168088,"s634":-2.7538603758,"s635":0.514558072,"s636":1.0049891499,"s637":0.7339492028,"s640":-2.7538603758,"s641":-8.5507035957,"s642":-1.0338362518,"s644":0.514558072,"s645":0.514558072,"s646":0.5895258107,"s647":0.9984046207,"s648":-8.5507035957,"s649":1.000384038},"risk_aversion":{"s130":0.2565783653,"s172":0.2565783653,"s192":0.3492235958,"s251":0.8568707964,"s358":0.8568707964,"s373":0.7676050061,"s445":0.8568707964,"s465":0.4744199864,"s471":0.8568707964,"s483":0.3752535483,"s491":-0.6040336065,"s495":0.0438060331,"s497":-0.6040336065,"s499":0.3492235958,"s512":0.0438060331,"s513":0.1563041456,"s524":0.3752535483,"s525":0.3752535483,"s526":0.3752535483,"s541":0.3752535483,"s546":0.3752535483,"s548":0.2989083472,"s549":0.8568707964,"s553":0.3968411315,"s554":0.0438060331,"s555":0.1238079075,"s556":0.0438060331,"s557":0.3752535483,"s558":0.0438060331,"s561":0.1762174164,"s567":0.1059061258,"s570":0.1346114405,"s572":0.3492235958,"s573":0.0438060331,"s574":0.8568707964,"s579":-0.6040336065,"s581":0.8568707964,"s582":0.3492235958,"s583":0.1210723489,"s584":0.2665162321,"s585":0.3752535483,"s586":0.1189554972,"s587":0.3968411315,"s588":0.8291899447,"s589":0.3492235958,"s592":0.0438060331,"s593":0.3752535483,"s594":0.3752535483,"s595":0.8568707964,"s596":0.3968411315,"s597":0.3994728374,"s598":0.8568707964,"s601":0.3492235958,"s604":0.0438060331,"s605":0.3968411315,"s606":0.7859549221,"s607":0.3752535483,"s608":0.2565783653,"s609":0.2565783653,"s611":0.8568707964,"s612":0.3492235958,"s613":0.5777133176,"s615":0.8568707964,"s616":0.3968411315,"s617":0.1346114405,"s618":0.3994728374,"s619":0.8291899447,"s621":0.3492235958,"s622":0.0438060331,"s624":0.0438060331,"s626":0.1502053599,"s627":0.0438060331,"s629":0.221692621,"s631":-0.6040336065,"s633":0.1210723489,"s634":0.3492235958,"s635":0.0438060331,"s636":0.2733471749,"s637":0.3752535483,"s640":0.3492235958,"s641":0.8568707964,"s642":-0.6040336065,"s644":0.0438060331,"s645":0.0438060331,"s646":0.5122627528,"s647":0.3968411315,"s648":0.8568707964,"s649":0.8291899447},"risky_choices":{"s130":2.0,"s172":2.0,"s192":5.0,"s251":4.0,"s358":4.0,"s373":2.0,"s445":4.0,"s465":2.0,"s471":4.0,"s483":3.0,