{"impulsiveness":{"s130":1.1052631579,"s172":1.2631578947,"s192":1.0,"s251":1.2105263158,"s358":1.1052631579,"s445":1.0526315789,"s465":1.0526315789,"s471":1.4210526316,"s483":1.3684210526,"s491":1.1052631579,"s495":1.3157894737,"s497":1.6315789474,"s499":1.7894736842,"s512":1.2105263158,"s513":1.4736842105,"s524":1.0,"s526":1.1052631579,"s541":1.5263157895,"s546":1.3684210526,"s548":1.6842105263,"s549":1.0526315789,"s553":1.2631578947,"s554":1.5263157895,"s555":1.2105263158,"s556":1.6315789474,"s557":1.1052631579,"s558":1.1578947368,"s561":1.5789473684,"s567":1.3684210526,"s570":1.2105263158,"s572":1.3684210526,"s573":1.1578947368,"s574":1.5263157895,"s579":1.6842105263,"s581":1.3157894737,"s583":1.1578947368,"s584":1.5263157895,"s585":1.8947368421,"s586":1.5789473684,"s587":1.3157894737,"s589":1.2631578947,"s593":1.1578947368,"s594":1.7894736842,"s595":1.0,"s596":1.1052631579,"s597":1.2631578947,"s598":1.3157894737,"s601":1.3684210526,"s602":1.4210526316,"s604":1.2631578947,"s605":1.6315789474,"s606":1.1578947368,"s607":1.2631578947,"s608":1.1578947368,"s609":1.2631578947,"s611":1.1578947368,"s612":1.5789473684,"s613":1.5263157895,"s615":1.3157894737,"s616":1.0,"s617":1.2105263158,"s618":1.0526315789,"s619":1.3157894737,"s621":1.8947368421,"s622":1.3684210526,"s624":1.1052631579,"s626":1.6842105263,"s627":1.2631578947,"s629":1.1052631579,"s631":1.5263157895,"s633":1.3157894737,"s634":1.3684210526,"s635":1.2631578947,"s636":1.7894736842,"s637":1.4736842105,"s640":1.3157894737,"s641":1.1052631579,"s642":1.1052631579,"s644":1.8947368421,"s645":1.1578947368,"s646":1.6315789474,"s647":1.1578947368,"s648":1.0526315789,"s649":1.0},"venturesomeness":{"s130":1.1333333333,"s172":1.8,"s192":1.6,"s251":1.6,"s358":1.8,"s445":1.6666666667,"s465":1.9333333333,"s471":1.8,"s483":1.4666666667,"s491":1.3333333333,"s495":1.6,"s497":1.4666666667,"s499":1.7333333333,"s512":1.3333333333,"s513":1.6,"s524":1.4666666667,"s526":1.2,"s541":1.3333333333,"s546":1.7333333333,"s548":1.6666666667,"s549":1.3333333333,"s553":1.4,"s554":1.3333333333,"s555":1.7333333333,"s556":1.7333333333,"s557":1.2666666667,"s558":1.5333333333,"s561":1.5333333333,"s567":1.6,"s570":1.8,"s572":1.4666666667,"s573":1.4,"s574":1.8,"s579":1.7333333333,"s581":1.6,"s583":1.8,"s584":1.6666666667,"s585":1.5333333333,"s586":1.8,"s587":1.6,"s589":1.5333333333,"s593":1.3333333333,"s594":1.7333333333,"s595":1.3333333333,"s596":1.6,"s597":1.6,"s598":1.5333333333,"s601":1.6666666667,"s602":1.6,"s604":1.4,"s605":1.8666666667,"s606":1.5333333333,"s607":1.6666666667,"s608":1.3333333333,"s609":1.8,"s611":1.4,"s612":1.2666666667,"s613":1.2666666667,"s615":1.8666666667,"s616":1.6,"s617":1.6666666667,"s618":1.6666666667,"s619":1.6,"s621":1.1333333333,"s622":1.7333333333,"s624":1.8,"s626":1.4,"s627":1.5333333333,"s629":1.4,"s631":1.6666666667,"s633":1.4666666667,"s634":1.6666666667,"s635":1.2,"s636":1.6666666667,"s637":1.8666666667,"s640":1.5333333333,"s641":1.6,"s642":1.6666666667,"s644":1.8,"s645":1.7333333333,"s646":1.7333333333,"s647":1.7333333333,"s648":1.3333333333,"s649":1.3333333333}}