{"Decreasing_Win_P_correct":{"s130":0.6022460938,"s251":0.6792004108,"s358":0.7619184971,"s445":0.6774802208,"s465":0.5,"s471":0.683067894,"s483":0.7862487793,"s491":0.7500106812,"s495":0.7937549591,"s497":0.760799408,"s499":0.6103472471,"s512":0.637353611,"s513":0.5644721031,"s524":0.8311676025,"s525":0.780493927,"s526":0.9634521484,"s541":0.7228126526,"s546":0.7384960175,"s548":0.5,"s549":0.8592147827,"s553":0.7659355164,"s554":0.7928710938,"s555":0.8784576416,"s556":0.4121016979,"s557":0.7416572571,"s558":1.0,"s561":0.7822845459,"s567":0.7264202118,"s570":0.7109851837,"s572":0.6830046654,"s573":0.5558649063,"s574":0.5970585465,"s579":0.851921463,"s581":0.6282697678,"s583":0.7130983829,"s584":0.6570756674,"s585":0.6226371527,"s586":0.73863554,"s587":0.7544993401,"s589":0.8382949829,"s593":0.5,"s594":0.6976028442,"s595":0.8287109375,"s596":0.9441162109,"s597":0.5,"s598":0.7,"s601":0.6778330922,"s604":0.7093933105,"s605":0.8463500977,"s606":0.6753961563,"s607":0.7672563553,"s608":0.7863868713,"s609":0.785606575,"s611":0.7451583862,"s612":0.5924402237,"s613":0.6598800659,"s615":0.7103776932,"s616":0.8021980286,"s617":0.6264942169,"s618":0.6074432254,"s619":0.716652298,"s621":0.8005819082,"s622":0.7610521317,"s624":0.7464506149,"s626":0.5564130902,"s627":0.8475921631,"s629":0.6619073868,"s631":0.5,"s633":0.7272909164,"s634":0.7591064453,"s635":0.7126348495,"s636":0.6889871597,"s637":0.7147891998,"s640":0.6970575333,"s641":0.7020959854,"s642":0.6625595093,"s644":0.647665143,"s645":0.8353807926,"s646":0.8013206482,"s647":0.6294210553,"s648":0.78384552,"s649":0.7341516495},"Decreasing_Win_acc":{"s130":0.7,"s251":0.9,"s358":0.7,"s445":0.9,"s465":0.5,"s471":0.4,"s483":0.9,"s491":0.9,"s495":0.8,"s497":0.6,"s499":0.9,"s512":0.6,"s513":0.7,"s524":0.9,"s525":0.8,"s526":0.9,"s541":0.7,"s546":0.5,"s548":0.6,"s549":0.8,"s553":0.8,"s554":0.8,"s555":0.9,"s556":0.6,"s557":0.8,"s558":1.0,"s561":0.7,"s567":0.8,"s570":0.3,"s572":0.9,"s573":0.6,"s574":0.6,"s579":0.9,"s581":0.8,"s583":0.9,"s584":0.8,"s585":0.9,"s586":0.9,"s587":0.7,"s589":1.0,"s593":0.4,"s594":0.7,"s595":0.9,"s596":0.9,"s597":0.7,"s598":0.6,"s601":0.4,"s604":0.8,"s605":0.9,"s606":0.7,"s607":0.7,"s608":0.9,"s609":1.0,"s611":0.5,"s612":0.7,"s613":0.7,"s615":0.8,"s616":0.7,"s617":0.7,"s618":0.6,"s619":0.7,"s621":0.7,"s622":0.6,"s624":0.7,"s626":0.6,"s627":1.0,"s629":0.5,"s631":0.4,"s633":1.0,"s634":0.6,"s635":0.8,"s636":0.8,"s637":0.7,"s640":0.9,"s641":0.9,"s642":0.8,"s644":0.9,"s645":1.0,"s646":0.6,"s647":0.4,"s648":0.7,"s649":0.7},"Decreasing_Win_boxes_opened":{"s130":4.4,"s251":4.8,"s358":7.0,"s445":6.5,"s465":0.0,"s471":5.8,"s483":17.5,"s491":8.7,"s495":9.2,"s497":8.9,"s499":2.9,"s512":3.1,"s513":1.0,"s524":13.8,"s525":13.9,"s526":18.5,"s541":7.4,"s546":10.3,"s548":0.0,"s549":15.8,"s553":13.0,"s554":16.9,"s555":12.8,"s556":4.1,"s557":7.6,"s558":19.8,"s561":9.5,"s567":8.6,"s570":6.7,"s572":5.2,"s573":12.3,"s574":1.6,"s579":12.7,"s581":5.3,"s583":7.0,"s584":5.2,"s585":2.5,"s586":8.8,"s587":10.9,"s589":11.5,"s593":0.0,"s594":6.3,"s595":16.0,"s596":16.9,"s597":0.0,"s598":8.2,"s601":3.8,"s604":8.4,"s605":12.3,"s606":5.5,"s607":9.3,"s608":12.7,"s609":9.6,"s611":6.2,"s612":4.8,"s613":11.2,"s615":5.3,"s616":8.1,"s617":11.4,"s618":1.9,"s619":9.4,"s621":9.7,"s622":9.1,"s624":9.6,"s626":1.7,"s627":11.3,"s629":5.9,"s631":0.0,"s633":8.5,"s634":10.8,"s635":10.1,"s636":6.7,"s637":10.5,"s640":8.0,"s641":6.8,"s642":11.3,"s644":3.6,"s645":10.6,"s646":11.8,"s647":3.0,"s648":13.6,"s649":13.2},"Decreasing_Win_motivation":{"s130":0.0004141259,"s251":0.0010228949,"s358":0.0012825116,"s445":0.0019599057,"s465":null,"s471":0.0022055213,"s483":0.0020450179,"s491":0.0012887751,"s495":0.0010600744,"s497":0.0016254392,"s499":0.0010174601,"s512":0.0018890042,"s513":0.0012371303,"s524":0.001359254,"s525":0.001193112,"s526":0.0007946167,"s541":0.0007161371,"s546":0.0013895493,"s548":null,"s549":0.0010194791,"s553":0.0007733419,"s554":0.0019242926,"s555":0.0008363981,"s556":0.0021113333,"s557":0.0009524917,"s558":0.0003038656,"s561":0.0022894867,"s567":0.0009492131,"s570":0.0013572152,"s572":0.0010611772,"s573":0.0010812485,"s574":0.0011278316,"s579":0.0013878091,"s581":0.0008329513,"s583":0.0008199417,"s584":0.0011103506,"s585":0.001036118,"s586":0.0009600917,"s587":0.0015507731,"s589":0.0011184091,"s593":null,"s594":0.0013134144,"s595":0.0014049716,"s596":0.0011031466,"s597":null,"s598":0.0012290856,"s601":0.0006345731,"s604":0.001112913,"s605":0.0014113819,"s606":0.0011110818,"s607":0.000902036,"s608":0.0011011021,"s609":0.0011093387,"s611":0.0008469999,"s612":0.0014139272,"s613":0.0007763034,"s615":0.0008177087,"s616":0.0011226018,"s617":0.0012022358,"s618":0.0011836127,"s619":0.0017445085,"s621":0.0014413987,"s622":0.0016018026,"s624":0.0010889936,"s626":0.0015340228,"s627":0.0019578172,"s629":0.0013206367,"s631":null,"s633":0.0008865646,"s634":0.0013792418,"s635":0.0017846158,"s636":0.0015541252,"s637":0.0018903626,"s640":0.0011313101,"s641":0.0018980518,"s642":0.0029197801,"s644":0.0012404077,"s645":0.0012578725,"s646":0.0013129807,"s647":0.0010521734,"s648":0.0014601868,"s649":0.0014556602},"Decreasing_Win_total_points":{"s130":1150.0,"s251":1720.0,"s358":910.0,"s445":1570.0,"s465":750.0,"s471":190.0,"s483":620.0,"s491":1350.0,"s495":1050.0,"s497":590.0,"s499":1860.0,"s512":910.0,"s513":1380.0,"s524":870.0,"s525":740.0,"s526":510.0,"s541":920.0,"s546":260.0,"s548":1100.0,"s549":430.0,"s553":690.0,"s554":470.0,"s555":960.0,"s556":860.0,"s557":1190.0,"s558":520.0,"s561":770.0,"s567":1100.0,"s570":-100.0,"s572":1700.0,"s573":390.0,"s574":1020.0,"s579":990.0,"s581":1360.0,"s583":1550.0,"s584":1350.0,"s585":1930.0,"s586":1300.0,"s587":660.0,"s589":1350.0,"s593":400.0,"s594":990.0,"s595":700.0,"s596":600.0,"s597":1450.0,"s598":280.0,"s601":250.0,"s604":1120.0,"s605":1040.0,"s606":1100.0,"s607":570.0,"s608":1040.0,"s609":1540.0,"s611":450.0,"s612":1030.0,"s613":700.0,"s615":1410.0,"s616":870.0,"s617":820.0,"s618":1040.0,"s619":750.0,"s621":760.0,"s622":390.0,"s624":740.0,"s626":960.0,"s627":1370.0,"s629":460.0,"s631":400.0,"s633":1650.0,"s634":460.0,"s635":940.0,"s636":1360.0,"s637":710.0,"s640":1440.0,"s641":1540.0,"s642":900.0,"s644":1790.0,"s645":1440.0,"s646":160.0,"s647":290.0,"s648":390.0,"s649":550.0},"Fixed_Win_P_correct":{"s130":1.0,"s251":1.0,"s358":1.0,"s445":0.7409576416,"s465":0.9,"s471":0.6369407654,"s483":0.8912780762,"s491":0.978515625,"s495":1.0,"s497":0.7976013184,"s499":0.6976275444,"s512":0.6723927975,"s513":0.5161180258,"s524":0.9344818115,"s525":0.8704833984,"s526":0.9921875,"s541":0.9234664917,"s546":1.0,"s548":0.5080590129,"s549":1.0,"s553":0.884677124,"s554":1.0,"s555":1.0,"s556":0.5823420882,"s557":1.0,"s558":1.0,"s561":1.0,"s567":1.0,"s570":0.772675705,"s572":0.6933481216,"s573":0.4427238464,"s574":0.7056931973,"s579":0.985546875,"s581":0.7388426781,"s583":0.8978515625,"s584":0.8374984741,"s585":0.6960192204,"s586":0.6728610516,"s587":0.6804098129,"s589":0.998046875,"s593":1.0,"s594":0.7873829365,"s595":1.0,"s596":0.95,"s597":1.0,"s598":1.0,"s601":0.9650390625,"s604":0.9984375,"s605":0.8802490234,"s606":0.8424036026,"s607":0.834765625,"s608":0.9724609375,"s609":0.9791275024,"s611":0.957421875,"s612":0.6763150215,"s613":0.952885437,"s615":0.7815820694,"s616":0.9653320312,"s617":0.8055419922,"s618":0.8426818848,"s619":0.7434036255,"s621":0.9585983276,"s622":0.8154937744,"s624":0.8672286987,"s626":0.6901631355,"s627":1.0,"s629":0.7437310934,"s631":1.0,"s633":0.8875,"s634":0.9720458984,"s635":1.0,"s636":0.7433385849,"s637":0.8136764526,"s640":0.9441696167,"s641":0.8890625,"s642":0.8204620361,"s644":0.7203512192,"s645":1.0,"s646":0.8380126953,"s647":0.956262207,"s648":0.99921875,"s649":0.7657806396},"Fixed_Win_acc":{"s130":1.0,"s251":1.0,"s358":1.0,"s445":0.8,"s465":0.9,"s471":0.9,"s483":0.9,"s491":1.0,"s495":1.0,"s497":0.9,"s499":0.9,"s512":0.6,"s513":0.8,"s524":0.9,"s525":0.7,"s526":1.0,"s541":0.8,"s546":1.0,"s548":0.7,"s549":1.0,"s553":1.0,"s554":1.0,"s555":1.0,"s556":0.4,"s557":1.0,"s558":1.0,"s561":1.0,