{"score":{"s130":0.6666666667,"s172":0.6944444444,"s192":0.7222222222,"s251":0.6944444444,"s358":0.5277777778,"s445":0.4722222222,"s465":0.5833333333,"s471":0.5,"s483":0.5555555556,"s491":0.5833333333,"s495":0.5277777778,"s497":0.7777777778,"s499":0.6944444444,"s512":0.5277777778,"s519":0.7777777778,"s526":0.5833333333,"s541":0.7222222222,"s546":0.5555555556,"s548":0.5555555556,"s549":0.3888888889,"s553":0.5277777778,"s554":0.5555555556,"s555":0.6111111111,"s556":0.1944444444,"s558":0.5,"s561":0.6666666667,"s570":0.5277777778,"s572":0.5833333333,"s573":0.0,"s574":0.6111111111,"s579":0.6944444444,"s581":0.5555555556,"s583":0.6388888889,"s584":0.1666666667,"s585":0.4444444444,"s586":0.3888888889,"s587":0.4722222222,"s589":0.7222222222,"s593":0.6944444444,"s594":0.6666666667,"s595":0.6944444444,"s596":0.4722222222,"s597":0.5833333333,"s598":0.7777777778,"s601":0.4444444444,"s604":0.5,"s605":0.5833333333,"s606":0.5277777778,"s607":0.8611111111,"s608":0.5833333333,"s609":0.7222222222,"s610":0.3888888889,"s611":0.5833333333,"s612":0.6944444444,"s613":0.5833333333,"s615":0.3888888889,"s616":0.6388888889,"s617":0.5555555556,"s618":0.5555555556,"s619":0.3333333333,"s621":0.6388888889,"s622":0.4444444444,"s624":0.5555555556,"s626":0.3611111111,"s627":0.7777777778,"s629":0.2777777778,"s631":0.7777777778,"s633":0.3888888889,"s634":0.5555555556,"s635":0.5277777778,"s636":0.1666666667,"s637":0.4166666667,"s640":0.6944444444,"s641":0.4444444444,"s642":0.5277777778,"s644":0.5833333333,"s645":0.4166666667,"s646":0.4444444444,"s647":0.5277777778,"s648":0.75,"s649":0.0277777778}}