{"mindfulness":{"s061":3.4666666667,"s130":3.1333333333,"s172":4.8666666667,"s192":3.0666666667,"s251":3.8666666667,"s358":3.8,"s373":3.4,"s445":4.6666666667,"s465":4.2,"s471":3.0666666667,"s483":3.7333333333,"s491":3.8,"s495":4.4,"s497":3.5333333333,"s499":1.5333333333,"s512":2.8,"s513":3.3333333333,"s519":4.8,"s526":4.4666666667,"s541":3.3333333333,"s546":3.7333333333,"s548":3.9333333333,"s549":3.4666666667,"s553":4.2666666667,"s554":3.2,"s555":5.0666666667,"s556":4.0666666667,"s557":3.8666666667,"s558":3.8,"s561":3.0666666667,"s570":3.8,"s572":3.2,"s573":4.0666666667,"s574":2.7333333333,"s581":2.1333333333,"s583":3.3333333333,"s584":2.0,"s585":2.0,"s586":3.4666666667,"s587":4.0,"s589":3.9333333333,"s591":4.4,"s593":3.9333333333,"s594":3.6,"s595":4.2666666667,"s596":4.1333333333,"s597":3.8666666667,"s598":3.1333333333,"s601":4.7333333333,"s604":4.7333333333,"s605":2.2,"s606":4.6,"s607":4.0,"s608":4.2666666667,"s609":4.2,"s611":3.6666666667,"s612":3.4,"s613":3.8,"s614":3.7333333333,"s615":4.2666666667,"s616":3.8,"s617":4.0,"s618":4.5333333333,"s619":4.2,"s621":3.2666666667,"s622":4.4666666667,"s624":3.4666666667,"s626":3.2666666667,"s627":3.9333333333,"s628":4.6666666667,"s629":4.6666666667,"s631":4.7333333333,"s633":4.7333333333,"s634":3.0,"s635":4.6,"s636":3.1333333333,"s637":5.2,"s640":3.9333333333,"s641":4.2666666667,"s642":3.2666666667,"s644":3.5333333333,"s645":4.0666666667,"s646":2.7333333333,"s647":4.2666666667,"s648":3.4666666667,"s649":4.3333333333}}