{"approach_trial_acc":{"s130":0.9666666667,"s251":0.8,"s358":0.9666666667,"s445":0.5666666667,"s465":0.3214285714,"s483":0.5862068966,"s491":0.9,"s495":1.0,"s497":0.5185185185,"s541":0.8666666667,"s546":0.8214285714,"s549":0.2666666667,"s555":0.9333333333,"s556":0.7666666667,"s561":0.5862068966,"s567":0.9333333333,"s572":0.8,"s584":0.6296296296,"s587":0.9333333333,"s589":0.9666666667,"s593":0.7333333333,"s594":0.8,"s595":0.7666666667,"s596":0.7333333333,"s597":0.4666666667,"s605":0.6666666667,"s606":0.5,"s607":0.9333333333,"s608":0.9666666667,"s609":0.75,"s611":0.9333333333,"s612":0.5,"s615":0.7666666667,"s616":0.7333333333,"s617":0.7333333333,"s618":0.5357142857,"s621":0.6,"s622":0.7,"s624":0.8,"s633":0.5333333333,"s634":0.7666666667,"s637":0.8333333333,"s640":0.8,"s641":0.9,"s642":0.5,"s645":0.9333333333,"s646":0.6666666667},"approach_trial_rt":{"s130":675.0,"s251":792.5,"s358":502.5,"s445":422.0,"s465":471.0,"s483":595.0,"s491":608.0,"s495":577.5,"s497":534.0,"s541":925.5,"s546":725.0,"s549":583.5,"s555":875.0,"s556":715.5,"s561":702.0,"s567":529.0,"s572":878.0,"s584":614.0,"s587":550.0,"s589":853.0,"s593":720.5,"s594":532.5,"s595":806.0,"s596":831.0,"s597":280.0,"s605":645.5,"s606":446.0,"s607":566.0,"s608":549.5,"s609":930.5,"s611":657.0,"s612":456.5,"s615":493.0,"s616":621.5,"s617":407.5,"s618":393.5,"s621":609.0,"s622":585.5,"s624":796.0,"s633":553.5,"s634":569.0,"s637":732.0,"s640":771.0,"s641":663.5,"s642":347.5,"s645":725.5,"s646":677.0},"avoid_trial_acc":{"s130":0.9333333333,"s251":0.7666666667,"s358":0.9,"s445":0.6,"s465":0.6,"s483":0.7,"s491":0.7666666667,"s495":0.9333333333,"s497":0.5517241379,"s541":0.6333333333,"s546":0.6551724138,"s549":1.0,"s555":0.8333333333,"s556":0.7666666667,"s561":0.6666666667,"s567":0.7666666667,"s572":0.9666666667,"s584":0.6,"s587":0.8275862069,"s589":0.9310344828,"s593":0.8333333333,"s594":0.4,"s595":0.7931034483,"s596":0.6,"s597":0.5666666667,"s605":0.6,"s606":0.6333333333,"s607":0.6666666667,"s608":0.6,"s609":0.8620689655,"s611":0.9,"s612":0.5384615385,"s615":0.6666666667,"s616":0.3666666667,"s617":0.3666666667,"s618":0.6896551724,"s621":0.8666666667,"s622":0.7,"s624":0.8275862069,"s633":0.7666666667,"s634":0.4333333333,"s637":0.7333333333,"s640":0.6206896552,"s641":0.9666666667,"s642":0.5172413793,"s645":0.7,"s646":0.6333333333},"avoid_trial_rt":{"s130":793.5,"s251":804.0,"s358":683.0,"s445":458.5,"s465":383.0,"s483":705.5,"s491":643.5,"s495":818.0,"s497":492.0,"s541":1010.5,"s546":736.0,"s549":617.5,"s555":897.0,"s556":688.5,"s561":495.0,"s567":666.0,"s572":814.0,"s584":490.0,"s587":559.0,"s589":1044.0,"s593":703.5,"s594":610.5,"s595":1213.0,"s596":831.5,"s597":288.5,"s605":747.5,"s606":467.5,"s607":638.0,"s608":664.0,"s609":862.0,"s611":830.0,"s612":538.5,"s615":618.0,"s616":609.0,"s617":412.0,"s618":351.0,"s621":587.5,"s622":587.5,"s624":833.0,"s633":599.0,"s634":643.0,"s637":888.0,"s640":858.0,"s641":659.0,"s642":376.0,"s645":688.0,"s646":688.0},"log_ll":{"s130":-28.9173776437,"s251":-43.050041168,"s358":-22.6483193331,"s445":-61.0101026552,"s465":-52.2465486115,"s483":-46.0929906046,"s491":-37.7795280614,"s495":-33.712259965,"s497":-54.1124392285,"s541":-37.2008345328,"s546":-50.6229344621,"s549":-31.5738370125,"s555":-21.2394328182,"s556":-48.0558612856,"s561":-56.1252105227,"s567":-42.3340381079,"s572":-31.4921912644,"s584":-51.420417442,"s587":-46.3308655046,"s589":-27.3101728504,"s593":-49.4008064846,"s594":-39.9151577452,"s595":-42.5406091828,"s596":-50.6604634106,"s597":-8.5766627254,"s605":-47.8924101516,"s606":-57.2998099292,"s607":-28.2681035732,"s608":-52.0370904699,"s609":-22.6477821177,"s611":-46.596320493,"s612":-49.4799688973,"s615":-52.8286739233,"s616":-52.4844617864,"s617":-51.1138672638,"s618":-55.4656686804,"s621":-54.8738528354,"s622":-45.1476204157,"s624":-35.8396172926,"s633":-52.1710389001,"s634":-50.7939718146,"s637":-42.245965447,"s640":-48.7230738754,"s641":-18.3531243394,"s642":-61.5322278181,"s645":-39.2446869713,"s646":-58.1776790687},"missed_percent":{"s130":0.0,"s251":0.0,"s358":0.0,"s445":0.0,"s465":0.0035087719,"s483":0.0022222222,"s491":0.0,"s495":0.0,"s497":0.050877193,"s541":0.0060606061,"s546":0.0070175439,"s549":0.0,"s555":0.0,"s556":0.0019607843,"s561":0.0035087719,"s567":0.001754386,"s572":0.003030303,"s584":0.0175438596,"s587":0.001754386,"s589":0.003030303,"s593":0.0,"s594":0.0,"s595":0.0035087719,"s596":0.001754386,"s597":0.001754386,"s605":0.0,"s606":0.0,"s607":0.0035087719,"s608":0.0,"s609":0.0121212121,"s611":0.0,"s612":0.0175438596,"s615":0.001754386,"s616":0.0,"s617":0.0,"s618":0.0035087719,"s621":0.0,"s622":0.0,"s624":0.0060606061,"s633":0.0,"s634":0.001754386,"s637":0.0,"s640":0.003030303,"s641":0.0,"s642":0.0052631579,"s645":0.0,"s646":0.0},"num_trials":{"s130":90.0,"s251":90.0,"s358":90.0,"s445":90.0,"s465":88.0,"s483":89.0,"s491":90.0,"s495":90.0,"s497":81.0,"s541":89.0,"s546":86.0,"s549":90.0,"s555":90.0,"s556":90.0,"s561":89.0,"s567":90.0,"s572":89.0,"s584":85.0,"s587":89.0,"s589":89.0,"s593":90.0,"s594":90.0,"s595":89.0,"s596":89.0,"s597":90.0,"s605":90.0,"s606":90.0,"s607":90.0,"s608":90.0,"s609":86.0,"s611":90.0,"s612":81.0,"s615":90.0,"s616":90.0,"s617":90.0,"s618":88.0,"s621":90.0,"s622":90.0,"s624":88.0,"s633":90.0,"s634":90.0,"s637":90.0,"s640":89.0,"s641":90.0,"s642":89.0,"s645":90.0,"s646":90.0},"overall_test_acc":{"s130":0.8555555556,"s251":0.7444444444,"s358":0.9111111111,"s445":0.5222222222,"s465":0.5,"s483":0.7191011236,"s491":0.7777777778,"s495":0.8333333333,"s497":0.5061728395,"s541":0.7752808989,"s546":0.6744186047,"s549":0.6333333333,"s555":0.9111111111,"s556":0.7444444444,"s561":0.5842696629,"s567":0.7,"s572":0.808988764,"s584":0.5647058824,"s587":0.7191011236,"s589":0.8764044944,"s593":0.7222222222,"s594":0.5888888889,"s595":0.797752809,"s596":0.6404494382,"s597":0.5111111111,"s605":0.5555555556,"s606":0.5333333333,"s607":0.7888888889,"s608":0.6222222222,"s609":0.8255813953,"s611":0.7333333333,"s612":0.5061728395,"s615":0.5777777778,"s616":0.5222222222,"s617":0.5222222222,"s618":0.5681818182,"s621":0.6444444444,"s622":0.7444444444,"s624":0.8068181818,"s633":0.5666666667,"s634":0.6222222222,"s637":0.7333333333,"s640":0.7078651685,"s641":0.9444444444,"s642":0.4943820225,"s645":0.7111111111,"s646":0.5666666667},"positive_learning_bias":{"s130":4.5937759497,"s251":0.5660375674,"s358":2.5307066547,"s445":-0.9122885088,"s465":-11.8528628461,"s483":-5.2752876478,"s491":7.1236586174,"s495":-4.3047351316,"s497":-2.8358628762,"s541":8.8437932529,"s546":-0.7923903576,"s549":-47.5657854056,"s555":3.9717226323,"s556":0.8386160899,"s561":-1.4602883295,"s567":10.9177268264,"s572":-21.9288663288,"s584":0.3305607216,"s587":-1.3798064529,"s589":-5.2095510858,"s593":4.0087425577,"s594":33.5771351795,"s595":-4.1669331926,"s596":-0.6271976382,"s597":-19.8106532044,"s605":4.7348434284,"s606":-2.9491337435,"s607":27.6219306586,"s608":14.3602278957,"s609":-14.8113118827,"s611":-0.2398616581,"s612":-2.3007597153,"s615":6.6552316001,"s616":17.8409414305,"s617":15.1462784654,"s618":-4.6100201572,"s621":-12.4321131499,"s622":-0.7858367924,"s624":-8.8375975297,"s633":-8.338852503,"s634":12.8545991295,"s637":7.7041414744,"s640":8.0154149789,"s641":-10.842177976,"s642":-0.4782407308,"s645":6.0969743105,"s646":1.934088931},"value_sensitivity":{"s130":4.0629697216,"s251":4.3686233713,"s358":8.521936844,"s445":1.3592913434,"s465":12.4590391326,"s483":9.199484672,"s491":-1.1181968408,"s495":11.029615355,"s497":2.7197758823,"s541":-2.8714760856,"s546":3.5569499492,"s549":51.2132456779,"s555":8.464381063,"s556":3.1494763314,"s561":2.9399885876,"s567":-7.220190553,"s572":29.5192210915,"s584":0.5604811396,"s587":5.320079051,"s589":14.1338048942,"s593":-0.313467898,"s594":-30.8009949825,"s595":9.0186371595,"s596":3.2930078366,"s597":19.1210570045,"s605":-3.0152209508,"s606":3.4693136412,"s607":-18.8233248256,"s608":-12.138446824,"s609":24.5914506941,"s611":4.4901497629,"s612":2.6891246052,"s615":-5.1342897289,"s616":-17.3253213659,"s617":-15.3430002996,