{"PRP_slope":{"s130":0.4614495809,"s234":0.1743401045,"s251":0.5444027916,"s358":0.4900558617,"s445":0.3046848277,"s465":0.6258888567,"s483":0.4194714929,"s491":0.352396168,"s495":0.3985719217,"s497":0.594661057,"s499":0.4451229107,"s512":0.2190351162,"s519":0.4971392545,"s524":0.3576571162,"s526":0.5901456505,"s541":0.5385294125,"s546":0.6556181247,"s548":0.255120292,"s549":0.4503310078,"s553":0.7784892522,"s554":0.4605822453,"s555":0.6991107784,"s556":0.1372507102,"s557":0.4293551114,"s558":0.7723147771,"s561":0.5082499006,"s570":0.7046633512,"s572":0.4226574019,"s573":0.3643594765,"s574":0.3368217318,"s579":0.4234614671,"s581":0.5528604288,"s582":0.2673124456,"s583":0.4442910243,"s584":0.2251834866,"s585":0.543566399,"s586":0.8724362745,"s587":0.7098967428,"s589":0.4537413153,"s592":0.2786689675,"s593":0.3339012638,"s594":0.2943590444,"s595":0.5482298379,"s596":0.5132702098,"s597":0.4109635459,"s598":0.4800360278,"s601":0.2951541317,"s604":0.6425593632,"s605":0.2600913227,"s606":0.5033714491,"s607":0.4268456802,"s608":0.3206978862,"s609":0.3242851545,"s611":0.5258518634,"s612":0.6225789612,"s613":0.455055468,"s615":0.3524643458,"s616":0.5952511337,"s617":0.5960236921,"s618":0.5189310247,"s619":0.7163579488,"s621":0.4210438657,"s622":0.3970490759,"s624":0.4140815901,"s626":0.501221241,"s627":0.5472005783,"s629":0.2833473754,"s631":0.2541412215,"s633":0.4998808824,"s634":0.5713095948,"s635":0.551574885,"s636":0.7469691837,"s637":0.4849465652,"s640":0.4536483551,"s641":0.4363368039,"s642":0.5725099517,"s644":0.3161236259,"s645":0.445451765,"s646":0.4357531784,"s647":0.5658200564,"s648":0.6423441585},"PRP_slowing":{"s130":381.0,"s234":82.0,"s251":410.0,"s358":423.0,"s445":213.0,"s465":556.0,"s483":321.0,"s491":215.5,"s495":203.0,"s497":433.5,"s499":413.0,"s512":163.0,"s519":425.0,"s524":241.5,"s526":416.5,"s541":434.5,"s546":506.0,"s548":159.0,"s549":317.0,"s553":591.0,"s554":415.0,"s555":434.5,"s556":165.5,"s557":288.0,"s558":523.0,"s561":425.5,"s570":503.5,"s572":256.0,"s573":272.0,"s574":330.5,"s579":298.0,"s581":405.0,"s582":250.0,"s583":295.5,"s584":240.0,"s585":449.5,"s586":663.0,"s587":513.0,"s589":382.5,"s592":177.0,"s593":270.5,"s594":200.0,"s595":341.0,"s596":460.0,"s597":301.5,"s598":403.0,"s601":207.0,"s604":534.0,"s605":180.0,"s606":407.5,"s607":246.5,"s608":249.5,"s609":259.0,"s611":473.0,"s612":445.5,"s613":363.5,"s615":257.0,"s616":289.0,"s617":454.0,"s618":372.5,"s619":492.5,"s621":284.0,"s622":265.5,"s624":292.5,"s626":292.0,"s627":404.0,"s629":214.0,"s631":198.0,"s633":413.5,"s634":439.0,"s635":456.0,"s636":541.5,"s637":332.0,"s640":280.0,"s641":259.5,"s642":419.0,"s644":220.0,"s645":293.5,"s646":370.0,"s647":478.5,"s648":410.0},"log_ll":{"s130":-1300.137593469,"s234":-1259.0376861039,"s251":-1310.9896637425,"s358":-1336.3346541155,"s445":-1195.9486586177,"s465":-1347.1004505806,"s483":-1314.9972060498,"s491":-1342.4343851618,"s495":-1336.5162997532,"s497":-1128.2675182114,"s499":-1166.2200619549,"s512":-1338.1652014681,"s519":-1361.8316668577,"s524":-1342.8989207736,"s526":-1382.8958261612,"s541":-1334.3060008903,"s546":-1408.4596619206,"s548":-1193.8236064975,"s549":-1352.3133583759,"s553":-1063.9022345516,"s554":-1344.2569685589,"s555":-1376.3928302437,"s556":-1174.1686197842,"s557":-1388.4934110873,"s558":-1335.8999854637,"s561":-1338.0393281788,"s570":-1099.6467907088,"s572":-1316.8546864812,"s573":-1181.8645457298,"s574":-1324.8867364378,"s579":-1272.3530973507,"s581":-1347.9979718026,"s582":-517.3081094758,"s583":-1336.8172437978,"s584":-1310.4067414435,"s585":-1390.3278077438,"s586":-209.20897298,"s587":-1138.3475054986,"s589":-1328.7286053767,"s592":-1318.359961601,"s593":-1338.9982087689,"s594":-1241.7650232314,"s595":-1344.6455327258,"s596":-1380.4682556166,"s597":-1325.0141649458,"s598":-1296.2753629302,"s601":-1225.8123616773,"s604":-1357.8295487006,"s605":-1346.9516256503,"s606":-1321.2408960288,"s607":-1333.0721068543,"s608":-1331.7481402716,"s609":-1299.5583529975,"s611":-1332.2143558383,"s612":-1328.5483365381,"s613":-1256.9625797359,"s615":-1295.3343525861,"s616":-1385.1535914368,"s617":-1376.2949796279,"s618":-1372.7929818968,"s619":-1318.5703500316,"s621":-1400.9689142768,"s622":-1362.8206374005,"s624":-1349.5233610707,"s626":-1006.9441017171,"s627":-1361.9164291823,"s629":-1323.3562654109,"s631":-1311.0376809374,"s633":-1369.6559336299,"s634":-1381.4375801842,"s635":-1384.3019929669,"s636":-1074.50957804,"s637":-1367.8902053126,"s640":-1352.5759156629,"s641":-1335.9739511158,"s642":-1398.2522177909,"s644":-1343.4027510077,"s645":-1383.4337756733,"s646":-1369.411449382,"s647":-1318.4100017602,"s648":-1318.4344629608},"missed_percent":{"s130":0.0049751244,"s234":0.1144278607,"s251":0.0497512438,"s358":0.0646766169,"s445":0.1542288557,"s465":0.0298507463,"s483":0.0049751244,"s491":0.0,"s495":0.0,"s497":0.1940298507,"s499":0.1791044776,"s512":0.0,"s519":0.0149253731,"s524":0.0248756219,"s526":0.0099502488,"s541":0.039800995,"s546":0.0049751244,"s548":0.1641791045,"s549":0.0099502488,"s553":0.2288557214,"s554":0.0,"s555":0.0,"s556":0.2139303483,"s557":0.0099502488,"s558":0.0497512438,"s561":0.0049751244,"s570":0.223880597,"s572":0.0049751244,"s573":0.1542288557,"s574":0.0298507463,"s579":0.0298507463,"s581":0.0199004975,"s582":0.6218905473,"s583":0.0149253731,"s584":0.0895522388,"s585":0.0,"s586":0.8507462687,"s587":0.1890547264,"s589":0.0099502488,"s592":0.0,"s593":0.0,"s594":0.0049751244,"s595":0.0248756219,"s596":0.0,"s597":0.0,"s598":0.0248756219,"s601":0.0,"s604":0.0298507463,"s605":0.0298507463,"s606":0.0,"s607":0.0,"s608":0.0248756219,"s609":0.0099502488,"s611":0.0049751244,"s612":0.0895522388,"s613":0.0646766169,"s615":0.0447761194,"s616":0.0149253731,"s617":0.0099502488,"s618":0.0,"s619":0.0696517413,"s621":0.0049751244,"s622":0.0248756219,"s624":0.0199004975,"s626":0.2885572139,"s627":0.0049751244,"s629":0.0,"s631":0.0149253731,"s633":0.0,"s634":0.0,"s635":0.0,"s636":0.2487562189,"s637":0.0298507463,"s640":0.0,"s641":0.0149253731,"s642":0.0149253731,"s644":0.0348258706,"s645":0.0199004975,"s646":0.0049751244,"s647":0.0497512438,"s648":0.0348258706},"num_trials":{"s130":199.0,"s234":177.0,"s251":190.0,"s358":187.0,"s445":169.0,"s465":194.0,"s483":199.0,"s491":200.0,"s495":200.0,"s497":161.0,"s499":164.0,"s512":200.0,"s519":197.0,"s524":195.0,"s526":198.0,"s541":192.0,"s546":199.0,"s548":167.0,"s549":198.0,"s553":154.0,"s554":200.0,"s555":200.0,"s556":157.0,"s557":198.0,"s558":190.0,"s561":199.0,"s570":155.0,"s572":199.0,"s573":169.0,"s574":194.0,"s579":194.0,"s581":196.0,"s582":75.0,"s583":197.0,"s584":182.0,"s585":200.0,"s586":29.0,"s587":162.0,"s589":198.0,"s592":200.0,"s593":200.0,"s594":199.0,"s595":195.0,"s596":200.0,"s597":200.0,"s598":195.0,"s601":200.0,"s604":194.0,"s605":194.0,"s606":200.0,"s607":200.0,"s608":195.0,"s609":198.0,"s611":199.0,"s612":182.0,"s613":187.0,"s615":191.0,"s616":197.0,"s617":198.0,"s618":200.0,"s619":186.0,"s621":199.0,"s622":195.0,"s624":196.0,"s626":142.0,"s627":199.0,"s629":200.0,"s631":197.0,"s633":200.0,"s634":200.0,"s635":200.0,"s636":150.0,"s637":194.0,"s640":200.0,"s641":197.0,"s642":197.0,"s644":193.0,"s645":196.0,"s646":199.0,"s647":190.0,"s648":193.0},"task1_acc":{"s130":0.9849246231,"s234":0.3559322034,"s251":0.9842105263,"s358":0.9732620321,"s445":0.9526627219,"s465":0.9845360825,"s483":1.0,"s491":0.99,"s495":0.96,"s497":0.9875776398,"s499":0.6158536585,"s512":0.865,"s519":1.0,"s524":0.9641025641,"s526":0.9898989899,"s541":0.9791666667,"s546":0.9748743719,"s548":0.8982035928,"s549":0.9696969697,"s553":1.0,"s554":0.965,"s555":1.0,"s556":0.7770700637,"s557":0.7828282828,"s558":0.9684210526,"s561":0.9447236181,"s570":0.9612903226,"s572":0.9698492462,"s573":0.9822485207,"s574":0.9587628866,"s579":0.8969072165,"s581":0.9693877551,"s582":0.9733333333,"s583":0.9949238579,"s584":0.6868131868,"s585":0.98,"s586":0.2068965517,"s587":0.9938271605,"s589":0.9949494949,"s592":0.965,"s593":0.965,"s594":0.9547738693,"s595":0.9897435897,"s596":0.935,"s597":0.905,