{"compensation":{"s061":0.6666666667,"s130":0.5833333333,"s192":0.5833333333,"s251":0.6666666667,"s358":0.5833333333,"s445":null,"s465":null,"s471":0.6666666667,"s483":0.5833333333,"s491":0.5833333333,"s495":0.6666666667,"s497":0.4166666667,"s499":0.5,"s512":0.6666666667,"s526":0.6666666667,"s541":null,"s546":0.5833333333,"s548":0.5,"s549":0.0833333333,"s553":0.5,"s554":0.25,"s555":0.1666666667,"s556":0.5,"s561":0.3333333333,"s567":1.0,"s570":0.75,"s572":0.4166666667,"s573":0.5833333333,"s574":0.4166666667,"s579":0.9166666667,"s581":0.9166666667,"s582":null,"s583":0.3333333333,"s584":0.25,"s585":0.0833333333,"s586":0.3333333333,"s587":0.75,"s589":1.0,"s592":null,"s593":0.9166666667,"s594":0.5833333333,"s595":0.8333333333,"s596":0.75,"s597":0.3333333333,"s598":0.6666666667,"s601":1.0,"s602":null,"s604":1.0,"s605":0.9166666667,"s606":0.5833333333,"s607":0.9166666667,"s608":0.3333333333,"s609":0.75,"s611":0.4166666667,"s612":0.5,"s613":0.6666666667,"s615":0.9166666667,"s616":0.8333333333,"s617":0.5833333333,"s618":null,"s619":0.5,"s621":0.5,"s622":0.8333333333,"s624":0.3333333333,"s626":0.4166666667,"s627":0.6666666667,"s629":0.6666666667,"s631":0.4166666667,"s633":0.9166666667,"s634":0.4166666667,"s635":0.8333333333,"s636":0.5833333333,"s637":0.75,"s640":0.5833333333,"s641":0.8333333333,"s642":0.5,"s644":0.75,"s645":0.5833333333,"s646":0.9166666667,"s647":0.6666666667,"s648":0.75,"s649":0.4166666667},"elective_selection":{"s061":0.5833333333,"s130":0.1666666667,"s192":0.5,"s251":0.75,"s358":0.4166666667,"s445":0.5,"s465":0.6666666667,"s471":0.5,"s483":0.3333333333,"s491":0.5833333333,"s495":0.9166666667,"s497":0.3333333333,"s499":0.1666666667,"s512":0.5,"s526":0.4166666667,"s541":null,"s546":0.3333333333,"s548":0.5833333333,"s549":0.5,"s553":0.3333333333,"s554":0.4166666667,"s555":0.5833333333,"s556":0.75,"s561":0.5,"s567":0.25,"s570":null,"s572":0.0833333333,"s573":0.4166666667,"s574":0.1666666667,"s579":0.4166666667,"s581":0.5,"s582":0.4166666667,"s583":0.0833333333,"s584":0.3333333333,"s585":0.0833333333,"s586":0.1666666667,"s587":0.5,"s589":0.8333333333,"s592":0.8333333333,"s593":1.0,"s594":0.0833333333,"s595":0.3333333333,"s596":0.5,"s597":0.1666666667,"s598":0.25,"s601":0.4166666667,"s602":0.5,"s604":0.9166666667,"s605":0.0833333333,"s606":0.8333333333,"s607":0.9166666667,"s608":0.3333333333,"s609":0.5,"s611":0.5,"s612":0.5833333333,"s613":0.4166666667,"s615":0.6666666667,"s616":0.75,"s617":0.5833333333,"s618":0.75,"s619":0.8333333333,"s621":0.3333333333,"s622":0.9166666667,"s624":0.6666666667,"s626":0.3333333333,"s627":0.6666666667,"s629":0.4166666667,"s631":0.0833333333,"s633":0.75,"s634":0.4166666667,"s635":0.9166666667,"s636":null,"s637":0.4166666667,"s640":0.6666666667,"s641":0.5,"s642":0.5833333333,"s644":0.4166666667,"s645":0.3333333333,"s646":0.6666666667,"s647":0.0,"s648":0.0,"s649":0.5},"loss_based_selection":{"s061":0.4166666667,"s130":0.3333333333,"s192":0.4166666667,"s251":null,"s358":0.6666666667,"s445":0.8333333333,"s465":null,"s471":null,"s483":0.75,"s491":0.9166666667,"s495":0.75,"s497":null,"s499":0.4166666667,"s512":0.8333333333,"s526":null,"s541":0.3333333333,"s546":0.5,"s548":0.75,"s549":null,"s553":null,"s554":0.75,"s555":0.75,"s556":0.4166666667,"s561":0.4166666667,"s567":null,"s570":0.6666666667,"s572":0.5,"s573":0.8333333333,"s574":0.3333333333,"s579":0.9166666667,"s581":0.5833333333,"s582":0.6666666667,"s583":0.5,"s584":0.5,"s585":0.0,"s586":0.5,"s587":0.8333333333,"s589":0.9166666667,"s592":0.4166666667,"s593":0.9166666667,"s594":0.5833333333,"s595":0.9166666667,"s596":0.8333333333,"s597":0.3333333333,"s598":0.75,"s601":0.8333333333,"s602":null,"s604":0.8333333333,"s605":0.4166666667,"s606":0.8333333333,"s607":1.0,"s608":0.6666666667,"s609":0.5,"s611":0.6666666667,"s612":0.75,"s613":null,"s615":0.3333333333,"s616":0.75,"s617":0.75,"s618":0.3333333333,"s619":null,"s621":0.4166666667,"s622":0.9166666667,"s624":0.5833333333,"s626":0.5833333333,"s627":0.75,"s629":null,"s631":0.5833333333,"s633":0.9166666667,"s634":0.75,"s635":0.75,"s636":0.4166666667,"s637":0.75,"s640":0.75,"s641":0.5,"s642":0.9166666667,"s644":0.3333333333,"s645":0.75,"s646":0.5833333333,"s647":0.75,"s648":0.5833333333,"s649":0.5833333333},"optimization":{"s061":null,"s130":0.5,"s192":0.75,"s251":0.9166666667,"s358":0.5833333333,"s445":0.6666666667,"s465":null,"s471":0.4166666667,"s483":0.8333333333,"s491":0.8333333333,"s495":0.9166666667,"s497":0.6666666667,"s499":0.4166666667,"s512":0.75,"s526":null,"s541":0.4166666667,"s546":0.8333333333,"s548":null,"s549":0.25,"s553":0.3333333333,"s554":0.3333333333,"s555":0.6666666667,"s556":0.5833333333,"s561":null,"s567":null,"s570":0.8333333333,"s572":0.75,"s573":0.75,"s574":0.5,"s579":0.8333333333,"s581":1.0,"s582":0.75,"s583":0.5,"s584":0.75,"s585":0.0833333333,"s586":0.5833333333,"s587":0.75,"s589":0.9166666667,"s592":null,"s593":0.8333333333,"s594":0.3333333333,"s595":0.75,"s596":1.0,"s597":0.3333333333,"s598":0.25,"s601":0.9166666667,"s602":0.4166666667,"s604":1.0,"s605":0.75,"s606":0.6666666667,"s607":0.9166666667,"s608":0.4166666667,"s609":0.75,"s611":0.5,"s612":0.5833333333,"s613":0.6666666667,"s615":0.75,"s616":0.9166666667,"s617":0.75,"s618":null,"s619":0.5833333333,"s621":0.5,"s622":0.75,"s624":0.9166666667,"s626":0.5833333333,"s627":0.5833333333,"s629":0.9166666667,"s631":0.1666666667,"s633":0.9166666667,"s634":0.75,"s635":0.8333333333,"s636":0.9166666667,"s637":0.8333333333,"s640":0.5833333333,"s641":0.75,"s642":0.8333333333,"s644":0.3333333333,"s645":0.9166666667,"s646":0.6666666667,"s647":0.75,"s648":0.8333333333,"s649":1.0}}