{"boredom_susceptibility":{"s130":0.1,"s192":0.1,"s251":0.1,"s358":0.2,"s373":0.5,"s445":0.8,"s465":0.3,"s471":0.3,"s483":0.8,"s491":0.6,"s495":0.4,"s497":0.4,"s499":0.6,"s512":0.2,"s513":0.3,"s519":0.1,"s526":0.1,"s541":0.3,"s546":0.2,"s548":0.7,"s549":0.2,"s553":0.5,"s554":0.1,"s555":0.0,"s556":0.5,"s557":0.4,"s558":0.5,"s561":0.2,"s567":0.4,"s570":0.1,"s572":0.1,"s573":0.1,"s574":0.0,"s581":0.2,"s582":0.4,"s583":0.3,"s584":null,"s585":0.2,"s586":0.5,"s587":0.3,"s589":0.0,"s593":0.0,"s594":0.4,"s595":0.2,"s596":0.2,"s597":0.4,"s598":0.3,"s601":0.1,"s604":0.0,"s605":0.1,"s606":0.0,"s607":0.5,"s608":0.0,"s609":0.7,"s611":0.3,"s612":0.4,"s613":0.3,"s615":0.3,"s616":0.3,"s617":0.2,"s618":0.2,"s619":0.3,"s621":0.5,"s622":0.7,"s624":0.3,"s626":0.3,"s627":0.2,"s629":0.1,"s631":0.3,"s633":0.2,"s634":0.4,"s635":0.0,"s636":0.2,"s637":0.1,"s640":0.7,"s641":0.3,"s642":0.3,"s643":0.4,"s644":0.5,"s645":0.0,"s646":0.4,"s647":0.2,"s648":0.2,"s649":0.1},"disinhibition":{"s130":0.0,"s192":0.3,"s251":0.2,"s358":0.8,"s373":0.6,"s445":0.5,"s465":null,"s471":0.1,"s483":0.9,"s491":0.1,"s495":0.4,"s497":0.8,"s499":0.3,"s512":0.8,"s513":0.2,"s519":0.8,"s526":0.4,"s541":0.6,"s546":0.9,"s548":0.3,"s549":0.3,"s553":0.6,"s554":0.3,"s555":0.5,"s556":0.4,"s557":0.2,"s558":0.8,"s561":0.6,"s567":0.8,"s570":0.1,"s572":0.5,"s573":0.2,"s574":0.7,"s581":0.2,"s582":0.8,"s583":0.8,"s584":0.7,"s585":0.9,"s586":0.9,"s587":0.2,"s589":0.7,"s593":0.3,"s594":0.8,"s595":0.4,"s596":null,"s597":0.5,"s598":0.6,"s601":0.5,"s604":0.5,"s605":0.8,"s606":0.7,"s607":0.5,"s608":0.7,"s609":0.9,"s611":0.3,"s612":0.7,"s613":0.8,"s615":0.2,"s616":0.2,"s617":0.6,"s618":0.8,"s619":0.9,"s621":0.9,"s622":0.7,"s624":0.3,"s626":0.4,"s627":0.6,"s629":0.4,"s631":0.7,"s633":0.6,"s634":0.7,"s635":0.3,"s636":0.5,"s637":0.3,"s640":0.4,"s641":0.6,"s642":0.2,"s643":0.9,"s644":0.9,"s645":0.1,"s646":0.4,"s647":0.6,"s648":0.6,"s649":0.1},"experience_seeking":{"s130":0.2222222222,"s192":0.5555555556,"s251":0.5555555556,"s358":null,"s373":0.7777777778,"s445":0.6666666667,"s465":0.5555555556,"s471":0.7777777778,"s483":0.6666666667,"s491":0.3333333333,"s495":0.5555555556,"s497":0.3333333333,"s499":0.6666666667,"s512":0.6666666667,"s513":0.3333333333,"s519":0.5555555556,"s526":0.7777777778,"s541":0.3333333333,"s546":0.3333333333,"s548":0.4444444444,"s549":0.5555555556,"s553":0.4444444444,"s554":0.7777777778,"s555":0.6666666667,"s556":0.4444444444,"s557":0.6666666667,"s558":1.0,"s561":0.4444444444,"s567":0.6666666667,"s570":0.6666666667,"s572":0.2222222222,"s573":0.7777777778,"s574":0.6666666667,"s581":0.7777777778,"s582":0.7777777778,"s583":0.5555555556,"s584":0.6666666667,"s585":0.5555555556,"s586":0.5555555556,"s587":0.6666666667,"s589":0.3333333333,"s593":0.5555555556,"s594":0.5555555556,"s595":0.2222222222,"s596":0.6666666667,"s597":0.6666666667,"s598":1.0,"s601":0.8888888889,"s604":0.6666666667,"s605":0.7777777778,"s606":0.4444444444,"s607":0.8888888889,"s608":0.5555555556,"s609":0.7777777778,"s611":0.4444444444,"s612":0.5555555556,"s613":0.3333333333,"s615":0.5555555556,"s616":0.3333333333,"s617":0.5555555556,"s618":0.3333333333,"s619":0.4444444444,"s621":0.7777777778,"s622":0.6666666667,"s624":0.3333333333,"s626":0.3333333333,"s627":0.5555555556,"s629":0.2222222222,"s631":0.5555555556,"s633":0.7777777778,"s634":0.6666666667,"s635":0.4444444444,"s636":0.2222222222,"s637":0.8888888889,"s640":0.5555555556,"s641":null,"s642":0.6666666667,"s643":0.7777777778,"s644":0.4444444444,"s645":0.4444444444,"s646":0.5555555556,"s647":0.6666666667,"s648":0.6666666667,"s649":0.2222222222},"thrill_adventure_seeking":{"s130":0.0,"s192":0.7,"s251":0.9,"s358":1.0,"s373":0.5,"s445":0.8,"s465":0.9,"s471":0.9,"s483":0.2,"s491":0.6,"s495":0.8,"s497":0.9,"s499":0.6,"s512":0.3,"s513":0.5,"s519":0.5,"s526":0.0,"s541":0.2,"s546":0.8,"s548":0.5,"s549":0.5,"s553":0.3,"s554":0.3,"s555":0.9,"s556":0.6,"s557":0.3,"s558":0.6,"s561":0.4,"s567":0.5,"s570":0.9,"s572":0.8,"s573":0.4,"s574":1.0,"s581":0.6,"s582":0.6,"s583":1.0,"s584":0.6,"s585":0.5,"s586":0.9,"s587":0.8,"s589":0.9,"s593":0.6,"s594":0.9,"s595":0.2,"s596":0.9,"s597":0.5,"s598":0.7,"s601":0.4,"s604":0.7,"s605":1.0,"s606":1.0,"s607":0.7,"s608":0.6,"s609":0.6,"s611":0.2,"s612":0.2,"s613":0.3,"s615":1.0,"s616":0.8,"s617":0.8,"s618":0.7,"s619":0.3,"s621":0.2,"s622":0.7,"s624":1.0,"s626":0.5,"s627":0.5,"s629":0.6,"s631":1.0,"s633":0.4,"s634":0.4,"s635":0.5,"s636":0.5,"s637":0.8,"s640":0.6,"s641":0.9,"s642":0.9,"s643":1.0,"s644":0.8,"s645":0.6,"s646":0.8,"s647":0.8,"s648":0.3,"s649":0.7},"total":{"s130":3.0,"s192":16.0,"s251":17.0,"s358":25.0,"s373":23.0,"s445":27.0,"s465":18.0,"s471":20.0,"s483":25.0,"s491":16.0,"s495":21.0,"s497":24.0,"s499":21.0,"s512":19.0,"s513":13.0,"s519":19.0,"s526":12.0,"s541":14.0,"s546":22.0,"s548":19.0,"s549":15.0,"s553":18.0,"s554":14.0,"s555":20.0,"s556":19.0,"s557":15.0,"s558":28.0,"s561":16.0,"s567":23.0,"s570":17.0,"s572":16.0,"s573":14.0,"s574":23.0,"s581":17.0,"s582":25.0,"s583":26.0,"s584":22.0,"s585":21.0,"s586":28.0,"s587":19.0,"s589":19.0,"s593":14.0,"s594":26.0,"s595":10.0,"s596":20.0,"s597":20.0,"s598":25.0,"s601":18.0,"s604":18.0,"s605":26.0,"s606":21.0,"s607":25.0,"s608":18.0,"s609":29.0,"s611":12.0,"s612":18.0,"s613":17.0,"s615":20.0,"s616":16.0,"s617":21.0,"s618":20.0,"s619":19.0,"s621":23.0,"s622":27.0,"s624":19.0,"s626":15.0,"s627":18.0,"s629":13.0,"s631":25.0,"s633":19.0,"s634":21.0,"s635":12.0,"s636":14.0,"s637":20.0,"s640":22.0,"s641":23.0,"s642":20.0,"s643":30.0,"s644":26.0,"s645":11.0,"s646":21.0,"s647":22.0,"s648":17.0,"s649":11.0}}