{"avg_rt":{"s130":305.5,"s251":339.0,"s358":345.5,"s445":339.5,"s465":406.5,"s471":null,"s483":321.5,"s491":287.5,"s495":313.5,"s497":419.0,"s499":312.5,"s512":333.5,"s526":289.5,"s541":302.0,"s546":315.0,"s548":263.0,"s549":290.5,"s553":366.0,"s554":345.5,"s555":329.5,"s556":350.0,"s557":338.0,"s561":281.0,"s570":342.5,"s572":298.0,"s573":359.5,"s574":415.0,"s581":349.5,"s583":373.5,"s584":319.5,"s585":278.5,"s586":310.0,"s587":323.5,"s589":313.0,"s592":340.5,"s593":283.5,"s594":258.5,"s595":284.5,"s596":338.0,"s597":278.5,"s598":344.0,"s601":304.5,"s604":390.0,"s605":313.0,"s606":272.5,"s607":321.5,"s608":291.0,"s609":401.5,"s611":278.5,"s612":448.0,"s613":306.0,"s615":288.0,"s616":265.0,"s617":294.0,"s618":259.5,"s619":350.5,"s621":295.5,"s622":276.5,"s624":290.5,"s626":371.0,"s627":288.0,"s628":240.0,"s629":345.0,"s631":314.0,"s633":349.5,"s634":242.0,"s635":328.0,"s636":384.5,"s637":263.5,"s640":318.0,"s641":244.0,"s642":289.5,"s644":359.0,"s645":332.5,"s646":214.5,"s647":261.0,"s648":307.0,"s649":257.0},"missed_percent":{"s130":0.0,"s251":0.0,"s358":0.0,"s445":0.0,"s465":0.0,"s471":1.0,"s483":0.0,"s491":0.0,"s495":0.0,"s497":0.0066666667,"s499":0.0,"s512":0.0,"s526":0.0,"s541":0.0133333333,"s546":0.0,"s548":0.0,"s549":0.0,"s553":0.0,"s554":0.0,"s555":0.0,"s556":0.0,"s557":0.0,"s561":0.0,"s570":0.0,"s572":0.0,"s573":0.0,"s574":0.0,"s581":0.0,"s583":0.0,"s584":0.0,"s585":0.0,"s586":0.3333333333,"s587":0.0,"s589":0.0,"s592":0.0,"s593":0.0,"s594":0.0,"s595":0.0,"s596":0.0,"s597":0.0,"s598":0.0,"s601":0.0,"s604":0.0,"s605":0.0,"s606":0.0,"s607":0.0,"s608":0.0,"s609":0.0,"s611":0.0,"s612":0.0333333333,"s613":0.0,"s615":0.0,"s616":0.0,"s617":0.0,"s618":0.0,"s619":0.0,"s621":0.0,"s622":0.0,"s624":0.0,"s626":0.0,"s627":0.0,"s628":0.0,"s629":0.0066666667,"s631":0.0066666667,"s633":0.0,"s634":0.0,"s635":0.0,"s636":0.3333333333,"s637":0.0,"s640":0.0,"s641":0.0,"s642":0.0,"s644":0.0133333333,"s645":0.0,"s646":0.0,"s647":0.0,"s648":0.0,"s649":0.98},"std_rt":{"s130":80.8650202429,"s251":59.8445970342,"s358":102.1444395571,"s445":102.628616093,"s465":118.7542579479,"s471":null,"s483":109.4788500715,"s491":55.2933701136,"s495":56.059727257,"s497":128.6679643074,"s499":134.941627284,"s512":82.2571403373,"s526":59.4537434167,"s541":112.0008460278,"s546":64.198362897,"s548":40.3951865474,"s549":55.5835022922,"s553":75.2391397025,"s554":94.5325331356,"s555":29.8392599065,"s556":110.2528817847,"s557":44.9428794817,"s561":91.2104680695,"s570":64.9522777835,"s572":58.6206078095,"s573":64.7388576266,"s574":123.5399637357,"s581":80.5924896996,"s583":84.4468237429,"s584":64.3887257907,"s585":73.4485617996,"s586":169.793617743,"s587":73.2030989185,"s589":169.1634482232,"s592":80.6292714735,"s593":41.4870800082,"s594":39.0937501084,"s595":57.6328831224,"s596":133.5275026342,"s597":45.8288011589,"s598":64.120238353,"s601":38.0523370891,"s604":184.4395980379,"s605":103.8135128902,"s606":61.9692006924,"s607":49.5867413902,"s608":69.0007048565,"s609":126.3490205297,"s611":49.2762023327,"s612":346.5353714952,"s613":88.3496318592,"s615":38.6585008349,"s616":44.1531927445,"s617":39.1415168909,"s618":69.5930786756,"s619":102.2676667376,"s621":91.2708622224,"s622":68.8035494116,"s624":54.3551701222,"s626":177.007569954,"s627":41.5413025919,"s628":39.0925758356,"s629":180.814267643,"s631":89.2067705107,"s633":57.0822696059,"s634":49.6587139858,"s635":198.2134985482,"s636":106.5525426418,"s637":152.6479560254,"s640":29.2071740444,"s641":65.807643219,"s642":177.6055559725,"s644":75.1036006897,"s645":78.5395678219,"s646":52.3348455872,"s647":62.0757165575,"s648":148.5810144411,"s649":39.5010548382}}