{"future":{"s130":3.7692307692,"s172":3.3846153846,"s192":4.0769230769,"s251":3.4615384615,"s358":3.6923076923,"s373":3.5384615385,"s445":3.1538461538,"s465":3.1538461538,"s471":3.3076923077,"s483":3.6153846154,"s491":4.9230769231,"s495":3.8461538462,"s497":3.8461538462,"s499":2.7692307692,"s512":3.9230769231,"s526":4.0,"s541":2.6153846154,"s546":3.2307692308,"s548":2.6153846154,"s549":4.0769230769,"s553":2.6923076923,"s554":3.3076923077,"s555":3.0769230769,"s556":3.7692307692,"s561":3.0769230769,"s567":4.4615384615,"s570":3.8461538462,"s572":3.7692307692,"s573":3.8461538462,"s574":2.8461538462,"s579":3.0,"s581":4.0769230769,"s582":3.5384615385,"s583":3.3846153846,"s584":3.0769230769,"s585":3.6153846154,"s586":2.6153846154,"s587":3.2307692308,"s589":3.7692307692,"s593":4.0769230769,"s594":3.5384615385,"s595":3.8461538462,"s596":3.6923076923,"s597":4.0769230769,"s598":4.6153846154,"s601":3.3076923077,"s604":3.7692307692,"s605":3.6923076923,"s606":4.2307692308,"s607":4.7692307692,"s608":3.4615384615,"s609":3.5384615385,"s611":3.4615384615,"s612":3.0769230769,"s613":3.5384615385,"s615":3.8461538462,"s616":4.3076923077,"s617":4.1538461538,"s618":3.6923076923,"s619":3.2307692308,"s621":2.7692307692,"s622":3.7692307692,"s624":3.8461538462,"s626":3.2307692308,"s627":3.7692307692,"s629":4.0769230769,"s631":2.8461538462,"s633":4.3076923077,"s634":3.4615384615,"s635":4.3076923077,"s636":2.7692307692,"s637":4.3076923077,"s640":4.1538461538,"s641":3.8461538462,"s642":3.4615384615,"s644":3.3846153846,"s645":3.5384615385,"s646":3.5384615385,"s647":4.2307692308,"s648":4.0769230769,"s649":4.6153846154},"past_negative":{"s130":3.4,"s172":1.9,"s192":3.6,"s251":2.8,"s358":2.4,"s373":2.6,"s445":3.6,"s465":4.2,"s471":3.3,"s483":3.5,"s491":3.4,"s495":2.7,"s497":1.6,"s499":3.3,"s512":2.3,"s526":2.9,"s541":3.3,"s546":3.2,"s548":2.4,"s549":2.3,"s553":3.4,"s554":3.7,"s555":1.9,"s556":1.8,"s561":2.7,"s567":3.5,"s570":2.6,"s572":3.8,"s573":3.1,"s574":4.4,"s579":2.4,"s581":3.7,"s582":2.2,"s583":2.3,"s584":3.7,"s585":4.1,"s586":2.9,"s587":3.0,"s589":1.8,"s593":2.5,"s594":2.9,"s595":3.5,"s596":3.3,"s597":2.7,"s598":2.6,"s601":3.3,"s604":2.6,"s605":4.4,"s606":2.9,"s607":1.6,"s608":3.1,"s609":3.9,"s611":3.3,"s612":3.2,"s613":2.3,"s615":4.0,"s616":2.9,"s617":3.6,"s618":3.5,"s619":3.0,"s621":4.3,"s622":3.2,"s624":2.7,"s626":2.7,"s627":1.8,"s629":2.9,"s631":3.2,"s633":4.0,"s634":3.4,"s635":3.6,"s636":2.9,"s637":4.1,"s640":3.5,"s641":1.6,"s642":2.6,"s644":4.1,"s645":1.8,"s646":4.1,"s647":4.5,"s648":3.5,"s649":3.6},"past_positive":{"s130":2.7777777778,"s172":3.7777777778,"s192":3.4444444444,"s251":3.7777777778,"s358":3.5555555556,"s373":3.8888888889,"s445":1.8888888889,"s465":2.5555555556,"s471":3.7777777778,"s483":3.2222222222,"s491":3.2222222222,"s495":2.8888888889,"s497":4.1111111111,"s499":3.0,"s512":4.0,"s526":3.5555555556,"s541":4.0,"s546":1.8888888889,"s548":2.4444444444,"s549":4.0,"s553":3.3333333333,"s554":2.8888888889,"s555":3.5555555556,"s556":3.6666666667,"s561":3.1111111111,"s567":1.6666666667,"s570":3.6666666667,"s572":3.7777777778,"s573":2.8888888889,"s574":3.8888888889,"s579":4.8888888889,"s581":4.1111111111,"s582":3.8888888889,"s583":4.5555555556,"s584":3.8888888889,"s585":3.6666666667,"s586":2.2222222222,"s587":3.2222222222,"s589":4.4444444444,"s593":3.7777777778,"s594":2.8888888889,"s595":3.6666666667,"s596":4.0,"s597":3.3333333333,"s598":2.7777777778,"s601":4.0,"s604":3.8888888889,"s605":3.6666666667,"s606":4.6666666667,"s607":3.1111111111,"s608":3.6666666667,"s609":3.4444444444,"s611":3.2222222222,"s612":3.3333333333,"s613":4.1111111111,"s615":3.1111111111,"s616":3.5555555556,"s617":3.0,"s618":3.8888888889,"s619":3.3333333333,"s621":2.6666666667,"s622":3.1111111111,"s624":3.2222222222,"s626":3.2222222222,"s627":3.6666666667,"s629":3.5555555556,"s631":2.5555555556,"s633":4.4444444444,"s634":3.6666666667,"s635":4.3333333333,"s636":2.7777777778,"s637":2.8888888889,"s640":2.4444444444,"s641":3.6666666667,"s642":3.5555555556,"s644":3.5555555556,"s645":4.6666666667,"s646":3.5555555556,"s647":3.5555555556,"s648":3.0,"s649":3.4444444444},"present_fatalistic":{"s130":2.4444444444,"s172":2.3333333333,"s192":2.3333333333,"s251":2.3333333333,"s358":2.6666666667,"s373":1.7777777778,"s445":2.8888888889,"s465":2.5555555556,"s471":2.7777777778,"s483":3.0,"s491":1.7777777778,"s495":2.8888888889,"s497":2.1111111111,"s499":3.1111111111,"s512":2.2222222222,"s526":2.4444444444,"s541":3.1111111111,"s546":2.0,"s548":2.5555555556,"s549":2.1111111111,"s553":3.7777777778,"s554":2.7777777778,"s555":1.6666666667,"s556":2.5555555556,"s561":2.8888888889,"s567":1.2222222222,"s570":2.0,"s572":2.5555555556,"s573":2.5555555556,"s574":3.1111111111,"s579":1.7777777778,"s581":2.4444444444,"s582":1.7777777778,"s583":2.4444444444,"s584":2.6666666667,"s585":3.5555555556,"s586":2.3333333333,"s587":2.5555555556,"s589":2.0,"s593":2.1111111111,"s594":3.2222222222,"s595":1.7777777778,"s596":2.2222222222,"s597":1.4444444444,"s598":2.6666666667,"s601":2.8888888889,"s604":2.2222222222,"s605":3.2222222222,"s606":3.0,"s607":1.5555555556,"s608":2.1111111111,"s609":2.0,"s611":2.1111111111,"s612":2.8888888889,"s613":3.3333333333,"s615":2.4444444444,"s616":2.0,"s617":2.3333333333,"s618":2.0,"s619":3.2222222222,"s621":2.2222222222,"s622":1.7777777778,"s624":2.4444444444,"s626":3.2222222222,"s627":1.8888888889,"s629":2.1111111111,"s631":3.4444444444,"s633":2.1111111111,"s634":1.8888888889,"s635":2.3333333333,"s636":2.8888888889,"s637":3.4444444444,"s640":3.1111111111,"s641":1.8888888889,"s642":2.4444444444,"s644":3.1111111111,"s645":2.2222222222,"s646":4.3333333333,"s647":2.8888888889,"s648":2.4444444444,"s649":2.8888888889},"present_hedonistic":{"s130":2.2666666667,"s172":3.6,"s192":2.9333333333,"s251":3.5333333333,"s358":3.4666666667,"s373":3.4,"s445":3.2,"s465":3.0,"s471":3.7333333333,"s483":3.5333333333,"s491":1.8666666667,"s495":3.2,"s497":3.6,"s499":3.6666666667,"s512":3.2666666667,"s526":2.8666666667,"s541":3.4,"s546":3.3333333333,"s548":2.3333333333,"s549":3.0,"s553":3.2,"s554":3.2,"s555":2.6666666667,"s556":5.0,"s561":3.0,"s567":3.6666666667,"s570":2.6666666667,"s572":3.8,"s573":3.1333333333,"s574":3.7333333333,"s579":4.4666666667,"s581":3.6,"s582":3.4666666667,"s583":3.4,"s584":4.2,"s585":3.9333333333,"s586":2.4,"s587":4.1333333333,"s589":3.1333333333,"s593":3.4,"s594":3.9333333333,"s595":2.4666666667,"s596":3.5333333333,"s597":3.3333333333,"s598":2.7333333333,"s601":3.3333333333,"s604":3.6666666667,"s605":4.1333333333,"s606":2.8,"s607":3.4666666667,"s608":3.0,"s609":3.3333333333,"s611":3.2,"s612":3.4666666667,"s613":4.4,"s615":3.8666666667,"s616":3.5333333333,"s617":3.4666666667,"s618":2.7333333333,"s619":3.6,"s621":3.5333333333,"s622":3.7333333333,"s624":3.6,"s626":3.1333333333,"s627":3.2666666667,"s629":2.6,"s631":3.7333333333,"s633":3.2,"s634":3.5333333333,"s635":3.4,"s636":2.9333333333,"s637":3.6,"s640":4.0,"s641":3.2,"s642":3.8666666667,"s644":4.0,"s645":3.0,"s646":3.7333333333,"s647":3.2666666667,"s648":3.2666666667,"s649":2.6}}