{"avg_move_time":{"s061":4535.0,"s130":2866.7958333333,"s172":1745.4027777778,"s192":1826.825,"s251":2853.7583333333,"s358":2728.1583333333,"s445":1626.7663690476,"s465":2135.45,"s471":1545.4060606061,"s483":2022.9027777778,"s491":2640.6145833333,"s495":1740.0520833333,"s497":3278.5277777778,"s499":2158.1083333333,"s512":1762.9151515152,"s524":2611.3791666667,"s525":2032.6944444444,"s526":2818.0476190476,"s541":2101.4566666667,"s546":2170.0966666667,"s548":2450.7314814815,"s549":2436.6287878788,"s553":2841.0555555556,"s554":3044.7023809524,"s555":1683.1944444444,"s556":2382.2222222222,"s561":1615.2001180638,"s567":3961.4722222222,"s570":1837.3333333333,"s572":1729.4366666667,"s573":2103.8541666667,"s574":1940.2261904762,"s579":1961.7516666667,"s581":2477.4703703704,"s582":1698.7708333333,"s583":2306.9166666667,"s584":2347.9259259259,"s585":2086.0283333333,"s586":5048.9166666667,"s587":3854.4479166667,"s589":1997.6208333333,"s593":2311.5,"s594":1678.3416666667,"s595":1760.4074074074,"s596":2432.3666666667,"s597":2684.1,"s598":1993.8484848485,"s601":2556.869047619,"s604":2364.119047619,"s605":2092.1533333333,"s606":2019.5072916667,"s607":2026.8666666667,"s608":2811.1770833333,"s609":1865.93,"s611":2051.6,"s612":2539.7777777778,"s613":3331.125,"s615":2194.77,"s616":2499.125,"s617":1692.5833333333,"s618":2270.437037037,"s619":3186.9041666667,"s621":1925.7439393939,"s622":2065.0958333333,"s624":2135.3833333333,"s626":2312.1308333333,"s627":1367.4,"s628":1428.8633333333,"s629":2380.9041666667,"s631":1257.8227272727,"s633":2284.6476190476,"s634":1709.2395833333,"s635":1793.9866666667,"s636":2619.9444444444,"s637":2144.5648148148,"s640":2118.3092592593,"s641":1696.7852380952,"s642":1366.3402777778,"s644":2399.2785714286,"s645":1899.8977272727,"s646":3320.3796296296,"s647":1884.33,"s648":1905.85,"s649":2814.9666666667},"num_correct":{"s061":7.0,"s130":8.0,"s172":12.0,"s192":10.0,"s251":8.0,"s358":10.0,"s445":8.0,"s465":10.0,"s471":11.0,"s483":12.0,"s491":8.0,"s495":8.0,"s497":6.0,"s499":10.0,"s512":11.0,"s524":8.0,"s525":9.0,"s526":7.0,"s541":10.0,"s546":10.0,"s548":9.0,"s549":11.0,"s553":9.0,"s554":7.0,"s555":9.0,"s556":9.0,"s561":11.0,"s567":6.0,"s570":9.0,"s572":10.0,"s573":8.0,"s574":11.0,"s579":10.0,"s581":9.0,"s582":12.0,"s583":11.0,"s584":9.0,"s585":10.0,"s586":4.0,"s587":8.0,"s589":12.0,"s593":8.0,"s594":10.0,"s595":9.0,"s596":10.0,"s597":12.0,"s598":11.0,"s601":7.0,"s604":7.0,"s605":10.0,"s606":8.0,"s607":10.0,"s608":8.0,"s609":10.0,"s611":11.0,"s612":6.0,"s613":6.0,"s615":10.0,"s616":6.0,"s617":11.0,"s618":9.0,"s619":8.0,"s621":11.0,"s622":10.0,"s624":10.0,"s626":10.0,"s627":10.0,"s628":10.0,"s629":8.0,"s631":11.0,"s633":10.0,"s634":8.0,"s635":10.0,"s636":6.0,"s637":9.0,"s640":9.0,"s641":10.0,"s642":8.0,"s644":7.0,"s645":11.0,"s646":9.0,"s647":10.0,"s648":10.0,"s649":7.0},"num_extra_moves":{"s061":-8.0,"s130":-8.0,"s172":2.0,"s192":5.0,"s251":5.0,"s358":-6.0,"s445":18.0,"s465":8.0,"s471":10.0,"s483":1.0,"s491":-9.0,"s495":8.0,"s497":-10.0,"s499":3.0,"s512":10.0,"s524":17.0,"s525":2.0,"s526":5.0,"s541":2.0,"s546":10.0,"s548":7.0,"s549":-3.0,"s553":4.0,"s554":-1.0,"s555":-2.0,"s556":4.0,"s561":27.0,"s567":6.0,"s570":0.0,"s572":10.0,"s573":8.0,"s574":8.0,"s579":3.0,"s581":2.0,"s582":1.0,"s583":1.0,"s584":4.0,"s585":12.0,"s586":-14.0,"s587":-7.0,"s589":6.0,"s593":-2.0,"s594":13.0,"s595":-2.0,"s596":-4.0,"s597":3.0,"s598":1.0,"s601":-3.0,"s604":19.0,"s605":5.0,"s606":22.0,"s607":9.0,"s608":-2.0,"s609":4.0,"s611":3.0,"s612":14.0,"s613":-4.0,"s615":13.0,"s616":6.0,"s617":4.0,"s618":8.0,"s619":10.0,"s621":6.0,"s622":5.0,"s624":6.0,"s626":8.0,"s627":12.0,"s628":3.0,"s629":9.0,"s631":16.0,"s633":8.0,"s634":-5.0,"s635":2.0,"s636":14.0,"s637":0.0,"s640":9.0,"s641":12.0,"s642":24.0,"s644":20.0,"s645":9.0,"s646":0.0,"s647":12.0,"s648":28.0,"s649":11.0},"num_optimal_solutions":{"s061":7.0,"s130":7.0,"s172":10.0,"s192":10.0,"s251":6.0,"s358":10.0,"s445":6.0,"s465":10.0,"s471":9.0,"s483":11.0,"s491":8.0,"s495":7.0,"s497":6.0,"s499":9.0,"s512":8.0,"s524":6.0,"s525":9.0,"s526":5.0,"s541":9.0,"s546":6.0,"s548":8.0,"s549":11.0,"s553":8.0,"s554":7.0,"s555":9.0,"s556":7.0,"s561":5.0,"s567":6.0,"s570":8.0,"s572":9.0,"s573":7.0,"s574":8.0,"s579":9.0,"s581":7.0,"s582":11.0,"s583":10.0,"s584":9.0,"s585":5.0,"s586":4.0,"s587":8.0,"s589":8.0,"s593":7.0,"s594":8.0,"s595":8.0,"s596":10.0,"s597":9.0,"s598":10.0,"s601":6.0,"s604":6.0,"s605":9.0,"s606":6.0,"s607":9.0,"s608":6.0,"s609":8.0,"s611":10.0,"s612":5.0,"s613":6.0,"s615":6.0,"s616":6.0,"s617":10.0,"s618":7.0,"s619":5.0,"s621":9.0,"s622":9.0,"s624":9.0,"s626":8.0,"s627":9.0,"s628":9.0,"s629":7.0,"s631":8.0,"s633":8.0,"s634":8.0,"s635":9.0,"s636":3.0,"s637":9.0,"s640":7.0,"s641":6.0,"s642":7.0,"s644":4.0,"s645":8.0,"s646":9.0,"s647":6.0,"s648":5.0,"s649":5.0},"planning_time":{"s061":5085.0,"s130":6982.5454545455,"s172":1900.0833333333,"s192":4033.75,"s251":3682.75,"s358":5790.0833333333,"s445":3190.5833333333,"s465":3293.4166666667,"s471":1791.4166666667,"s483":3868.9166666667,"s491":7542.5454545455,"s495":4746.0833333333,"s497":6806.6666666667,"s499":2917.6666666667,"s512":2695.5,"s524":3246.25,"s525":2631.0,"s526":5608.8333333333,"s541":4402.4166666667,"s546":6040.0833333333,"s548":4823.0,"s549":4078.4166666667,"s553":2984.4166666667,"s554":4412.6666666667,"s555":5803.25,"s556":4567.3333333333,"s561":1911.1666666667,"s567":2801.8333333333,"s570":4053.25,"s572":4501.0,"s573":3058.0,"s574":3051.75,"s579":3921.6666666667,"s581":5324.75,"s582":3360.6666666667,"s583":3771.6666666667,"s584":3454.3333333333,"s585":2078.0833333333,"s586":7148.5833333333,"s587":8362.0833333333,"s589":2234.3333333333,"s593":4718.25,"s594":2571.5,"s595":6356.8181818182,"s596":5453.5,"s597":3957.25,"s598":3809.25,"s601":5522.0,"s604":4042.9166666667,"s605":4329.0,"s606":2846.0,"s607":3180.9166666667,"s608":6083.0,"s609":4788.75,"s611":3796.5,"s612":3209.4545454545,"s613":4393.7083333333,"s615":4131.9166666667,"s616":4647.7272727273,"s617":2851.9166666667,"s618":3372.25,"s619":4492.6666666667,"s621":2065.8333333333,"s622":3478.1666666667,"s624":2913.4166666667,"s626":2793.9166666667,"s627":3218.0,"s628":5544.3333333333,"s629":3640.0833333333,"s631":2373.75,"s633":3095.9166666667,"s634":5556.75,"s635":2922.5,"s636":4045.25,"s637":5141.6666666667,"s640":3100.9166666667,"s641":1947.75,"s642":2683.3333333333,"s644":3383.4166666667,"s645":3768.0833333333,"s646":3904.5454545455,"s647":3555.5,"s648":2262.5,"s649":3327.0},"weighted_performance_score":{"s061":22.0,"s130":22.0,"s172":37.0,"s192":37.0,"s251":19.0,"s358":36.0,"s445":19.0,"s465":37.0,"s471":33.0,"s483":42.0,"s491":27.0,"s495":24.0,"s497":18.0,"s499":34.0,"s512":31.0,"s524":19.0,"s525":32.0,"s526":16.0,"s541":32.0,"s546":21.0,"s548":29.0,"s549":41.0,"s553":29.0,"s554":23.0,"s555":32.0,"s556":25.0,"s561":18.0,"s567":20.0,"s570":28.0,"s572":32.0,"s573":23.0,"s574":29.0,"s579":33.0,"s581":26.0,"s582":44.0,"s583":39.0,"s584":32.0,"s585":19.0,"s586":11.0,"s587":27.0,"s589":27.0,"s593":23.0,"s594":28.0,"s595":28.0,"s596":37.0,"s597":33.0,"s598":38.0,"s601":20.0,"s604":18.0,"s605":32.0,"s606":18.0,"s607":32.0,"s608":19.0,"s609":27.0,"s611":37.0,"s612":16.0,"s613":19.0,"s615":21.0,"s616":19.0,"s617":38.0,"s618":23.0,"s619":16.0,"s621":32.0,"s622":32.0,"s624":34.0,"s626":27.0,"s627":34.0,"s628":33.0,"s629":23.0,"s631":30.0,"s633":28.0,"s634":27.0,"s635":32.0,"s636":9.0,"s637":32.0,"s640":24.0,"s641":20.0,"s642":22.0,"s644":11.0,"s645":28.0,"s646":32.0,"s647":21.0,"s648":15.0,"s649":16.0}}