{"avg_rt":{"s130":1045.915,"s172":397.2638190955,"s251":769.7326203209,"s358":596.31,"s373":649.7868020305,"s483":491.3475,"s491":650.02,"s495":760.2035175879,"s524":635.8592964824,"s526":618.745,"s541":459.324120603,"s546":601.3324873096,"s549":667.1975,"s553":851.068877551,"s554":544.0829145729,"s555":523.3075,"s557":622.9974874372,"s567":608.567357513,"s570":660.0904522613,"s572":609.7385786802,"s574":119.1525,"s583":680.13,"s585":694.2775,"s586":680.4735449735,"s587":396.92,"s589":746.9175257732,"s593":660.135,"s594":540.665,"s595":584.4824120603,"s596":500.9875,"s597":609.4175,"s598":760.2975,"s601":567.9875,"s604":495.6479591837,"s605":298.5328282828,"s607":560.4747474747,"s608":783.8266331658,"s609":414.3333333333,"s610":831.5710659898,"s611":696.355,"s613":602.8715083799,"s615":686.9447236181,"s617":713.5875,"s618":455.7788944724,"s621":712.9698492462,"s622":481.8537234043,"s624":567.5251256281,"s627":521.11,"s629":425.1275,"s633":467.8125,"s634":750.9170854271,"s635":651.37,"s636":478.4593023256,"s637":710.4748743719,"s640":781.09,"s641":480.3106060606,"s642":360.5507614213,"s645":614.36,"s646":627.7842639594,"s647":486.0052083333,"s648":424.3487179487,"s649":672.0541237113},"missed_percent":{"s130":0.0,"s172":0.005,"s251":0.065,"s358":0.0,"s373":0.015,"s483":0.0,"s491":0.0,"s495":0.005,"s524":0.005,"s526":0.0,"s541":0.005,"s546":0.015,"s549":0.0,"s553":0.02,"s554":0.005,"s555":0.0,"s557":0.005,"s567":0.035,"s570":0.005,"s572":0.015,"s574":0.0,"s583":0.0,"s585":0.0,"s586":0.055,"s587":0.0,"s589":0.03,"s593":0.0,"s594":0.0,"s595":0.005,"s596":0.0,"s597":0.0,"s598":0.0,"s601":0.0,"s604":0.02,"s605":0.01,"s607":0.01,"s608":0.005,"s609":0.01,"s610":0.015,"s611":0.0,"s613":0.105,"s615":0.005,"s617":0.0,"s618":0.005,"s621":0.005,"s622":0.06,"s624":0.005,"s627":0.0,"s629":0.0,"s633":0.0,"s634":0.005,"s635":0.0,"s636":0.14,"s637":0.005,"s640":0.0,"s641":0.01,"s642":0.015,"s645":0.0,"s646":0.015,"s647":0.04,"s648":0.025,"s649":0.03},"model_based":{"s130":0.8965235324,"s172":-0.484851425,"s251":0.6334710296,"s358":0.1062155898,"s373":-0.7399755666,"s483":0.3147533835,"s491":1.2562461621,"s495":0.1184411102,"s524":-0.4910917459,"s526":0.2657346208,"s541":-1.0545602065,"s546":0.0011349439,"s549":0.0145472862,"s553":0.0864742558,"s554":0.191546564,"s555":0.6636253921,"s557":0.4883358534,"s567":-0.4541285506,"s570":0.4049205045,"s572":-0.0740779703,"s574":0.0491718383,"s583":0.9090306131,"s585":-0.1740909504,"s586":-0.5317785286,"s587":-0.5838006395,"s589":1.1243428257,"s593":0.3836361183,"s594":0.2968579146,"s595":-0.4465891254,"s596":-0.8697115321,"s597":0.2614817356,"s598":0.4995132087,"s601":-0.9466213389,"s604":-0.3076502272,"s605":-0.7667458079,"s607":0.1572304099,"s608":0.9759212989,"s609":-0.4354356985,"s610":0.0778472686,"s611":0.0699558214,"s613":-0.7306457319,"s615":-0.1566470574,"s617":-0.175623676,"s618":-0.0971647311,"s621":0.7608400352,"s622":-0.2741071249,"s624":-0.3485762956,"s627":0.2703709909,"s629":-0.3113097151,"s633":-0.051738376,"s634":0.2737126766,"s635":-0.0367137053,"s636":-0.6701228634,"s637":-0.058873649,"s640":0.7464038634,"s641":-0.0923728175,"s642":-0.5263241552,"s645":0.4417585239,"s646":-0.9148870078,"s647":-0.3541265511,"s648":-0.3568885159,"s649":0.0636098419},"model_free":{"s130":-0.0178201564,"s172":-0.1064169401,"s251":0.3978407468,"s358":-0.0488879571,"s373":-0.1348398534,"s483":-0.0671149946,"s491":-0.0365659191,"s495":0.1213532095,"s524":-0.0356505824,"s526":0.2629128251,"s541":-0.1310229966,"s546":-0.0116323867,"s549":0.2598808316,"s553":0.2235375014,"s554":-0.0431997689,"s555":0.3837521503,"s557":-0.1128966905,"s567":-0.0261894348,"s570":-0.0627175438,"s572":-0.0093748501,"s574":-0.1551479579,"s583":0.3004837129,"s585":0.1287463156,"s586":-0.1495600833,"s587":-0.1455169456,"s589":0.0344672961,"s593":0.1547478588,"s594":0.1037347633,"s595":-0.0473624878,"s596":-0.1119096593,"s597":0.072222506,"s598":-0.0141668408,"s601":-0.0453595943,"s604":-0.0683842968,"s605":-0.1428621243,"s607":-0.0164735489,"s608":0.0485330519,"s609":-0.1275246191,"s610":0.0382111719,"s611":0.0053376374,"s613":-0.1352208626,"s615":0.2258431361,"s617":0.0707825643,"s618":-0.1109389057,"s621":0.1367817673,"s622":-0.1736980446,"s624":-0.0197866061,"s627":0.0620498213,"s629":-0.1930656057,"s633":-0.0567379256,"s634":-0.0333523006,"s635":0.2552366801,"s636":-0.1464669353,"s637":-0.0551668646,"s640":-0.00919499,"s641":-0.0906396701,"s642":-0.1664206046,"s645":0.0121872074,"s646":-0.1676548444,"s647":-0.1268209637,"s648":-0.1186010076,"s649":0.0346588457},"perseverance":{"s130":-0.1010989031,"s172":-0.6037340917,"s251":2.2570656679,"s358":-0.2773555261,"s373":-0.764985503,"s483":-0.3807627835,"s491":-0.207449039,"s495":0.6884718695,"s524":-0.202256069,"s526":1.4915805278,"s541":-0.7433313699,"s546":-0.0659938956,"s549":1.4743791513,"s553":1.2681929235,"s554":-0.2450847882,"s555":2.1771369834,"s557":-0.6404955907,"s567":-0.1485802413,"s570":-0.3558147728,"s572":-0.0531862374,"s574":-0.8801992558,"s583":1.7047310452,"s585":0.7304150999,"s586":-0.8484976263,"s587":-0.8255597363,"s589":0.1955429433,"s593":0.8779293776,"s594":0.588517327,"s595":-0.2687010971,"s596":-0.634895877,"s597":0.4097391733,"s598":-0.0803725869,"s601":-0.2573381027,"s604":-0.3879639021,"s605":-0.8104981667,"s607":-0.0934592094,"s608":0.2753420459,"s609":-0.7234840623,"s610":0.2167830341,"s611":0.0302819611,"s613":-0.767147078,"s615":1.2812734567,"s617":0.4015699675,"s618":-0.6293885109,"s621":0.776002542,"s622":-0.9854392646,"s624":-0.1122551415,"s627":0.35202659,"s629":-1.0953170424,"s633":-0.3218906683,"s634":-0.1892172516,"s635":1.4480315361,"s636":-0.8309493028,"s637":-0.3129775847,"s640":-0.0521658385,"s641":-0.5142250739,"s642":-0.9441522419,"s645":0.0691415536,"s646":-0.9511544416,"s647":-0.7194920217,"s648":-0.672857832,"s649":0.1966296597}}