{"lack_of_perseverance":{"s130":2.2,"s251":2.2,"s358":1.7,"s445":1.8,"s465":2.6,"s471":2.0,"s483":1.8,"s491":1.3,"s495":1.9,"s497":1.9,"s499":2.4,"s512":2.0,"s519":1.9,"s524":1.1,"s526":1.9,"s541":3.2,"s546":2.5,"s548":2.2,"s549":1.6,"s553":2.3,"s554":2.7,"s555":2.5,"s556":1.1,"s557":1.4,"s561":2.4,"s570":2.2,"s572":1.7,"s573":2.0,"s574":2.5,"s577":2.4,"s581":1.5,"s583":2.0,"s584":2.4,"s585":2.3,"s586":2.4,"s587":2.3,"s588":1.5,"s589":1.3,"s590":2.1,"s593":1.5,"s594":2.2,"s595":2.0,"s596":2.2,"s597":2.4,"s598":1.8,"s601":2.3,"s602":2.1,"s604":1.6,"s605":2.3,"s606":2.1,"s607":1.2,"s608":2.8,"s609":1.8,"s611":2.9,"s612":2.5,"s613":2.4,"s614":1.9,"s615":1.4,"s616":1.1,"s617":1.1,"s618":2.2,"s619":2.4,"s621":2.8,"s622":1.5,"s624":1.6,"s626":2.5,"s627":2.0,"s629":1.2,"s631":1.7,"s633":1.4,"s634":2.4,"s635":1.1,"s636":2.4,"s637":1.6,"s640":1.9,"s641":2.0,"s642":1.9,"s644":2.3,"s645":1.6,"s646":2.1,"s647":2.1,"s648":1.7,"s649":1.3},"lack_of_premeditation":{"s130":1.6363636364,"s251":2.0909090909,"s358":1.8181818182,"s445":1.6363636364,"s465":1.6363636364,"s471":2.0,"s483":1.6363636364,"s491":1.2727272727,"s495":1.9090909091,"s497":2.0909090909,"s499":2.0,"s512":2.0909090909,"s519":1.4545454545,"s524":1.1818181818,"s526":1.4545454545,"s541":1.9090909091,"s546":2.1818181818,"s548":2.0,"s549":1.8181818182,"s553":2.4545454545,"s554":2.2727272727,"s555":2.3636363636,"s556":1.1818181818,"s557":1.5454545455,"s561":2.4545454545,"s570":1.9090909091,"s572":1.2727272727,"s573":2.2727272727,"s574":1.9090909091,"s577":1.9090909091,"s581":1.2727272727,"s583":2.2727272727,"s584":1.9090909091,"s585":2.8181818182,"s586":2.1818181818,"s587":2.0909090909,"s588":1.1818181818,"s589":1.9090909091,"s590":2.3636363636,"s593":1.4545454545,"s594":2.2727272727,"s595":1.4545454545,"s596":2.0,"s597":2.1818181818,"s598":1.2727272727,"s601":2.0,"s602":2.0,"s604":2.0,"s605":2.3636363636,"s606":1.4545454545,"s607":1.3636363636,"s608":2.1818181818,"s609":1.9090909091,"s611":2.0909090909,"s612":1.9090909091,"s613":2.5454545455,"s614":2.3636363636,"s615":2.2727272727,"s616":1.0909090909,"s617":1.7272727273,"s618":1.6363636364,"s619":2.7272727273,"s621":2.0909090909,"s622":1.8181818182,"s624":1.4545454545,"s626":2.8181818182,"s627":2.0,"s629":1.0,"s631":2.4545454545,"s633":1.8181818182,"s634":2.1818181818,"s635":1.4545454545,"s636":2.0909090909,"s637":1.3636363636,"s640":1.6363636364,"s641":1.2727272727,"s642":2.0909090909,"s644":2.0909090909,"s645":2.1818181818,"s646":1.5454545455,"s647":1.8181818182,"s648":2.0909090909,"s649":1.0},"negative_urgency":{"s130":2.75,"s251":2.5,"s358":2.0,"s445":2.3333333333,"s465":2.0,"s471":3.0833333333,"s483":2.3333333333,"s491":2.3333333333,"s495":1.5,"s497":2.6666666667,"s499":2.75,"s512":2.6666666667,"s519":1.9166666667,"s524":1.0833333333,"s526":2.3333333333,"s541":2.4166666667,"s546":2.5833333333,"s548":2.9166666667,"s549":2.0,"s553":2.3333333333,"s554":2.9166666667,"s555":1.3333333333,"s556":1.8333333333,"s557":2.0833333333,"s561":2.9166666667,"s570":2.6666666667,"s572":3.0833333333,"s573":2.0,"s574":2.75,"s577":3.5,"s581":1.5833333333,"s583":2.0,"s584":3.3333333333,"s585":3.25,"s586":2.75,"s587":2.0833333333,"s588":2.5,"s589":2.0,"s590":1.5,"s593":2.4166666667,"s594":2.6666666667,"s595":2.0,"s596":1.25,"s597":3.0833333333,"s598":2.6666666667,"s601":2.3333333333,"s602":2.8333333333,"s604":1.25,"s605":2.8333333333,"s606":1.5833333333,"s607":2.25,"s608":2.0,"s609":2.0833333333,"s611":3.1666666667,"s612":2.5833333333,"s613":2.9166666667,"s614":2.25,"s615":1.8333333333,"s616":1.0,"s617":3.1666666667,"s618":2.0,"s619":2.5,"s621":3.0833333333,"s622":1.75,"s624":2.0833333333,"s626":2.3333333333,"s627":1.9166666667,"s629":1.0833333333,"s631":2.4166666667,"s633":2.25,"s634":2.25,"s635":1.9166666667,"s636":2.8333333333,"s637":2.5,"s640":3.1666666667,"s641":1.75,"s642":2.0833333333,"s644":2.9166666667,"s645":2.0833333333,"s646":2.9166666667,"s647":2.3333333333,"s648":3.0833333333,"s649":1.4166666667},"positive_urgency":{"s130":1.2857142857,"s251":2.1428571429,"s358":1.6428571429,"s445":1.7857142857,"s465":2.0714285714,"s471":2.9285714286,"s483":1.8571428571,"s491":1.0,"s495":1.2857142857,"s497":2.2857142857,"s499":2.7142857143,"s512":2.1428571429,"s519":1.4285714286,"s524":1.0,"s526":1.0714285714,"s541":2.0714285714,"s546":2.7142857143,"s548":3.0,"s549":1.2857142857,"s553":1.0714285714,"s554":1.8571428571,"s555":1.0714285714,"s556":2.1428571429,"s557":1.0,"s561":2.5714285714,"s570":2.1428571429,"s572":1.7142857143,"s573":2.0714285714,"s574":2.5714285714,"s577":3.0,"s581":1.7857142857,"s583":2.0,"s584":2.0,"s585":3.0,"s586":2.6428571429,"s587":2.1428571429,"s588":2.2142857143,"s589":1.8571428571,"s590":1.5,"s593":1.3571428571,"s594":2.3571428571,"s595":1.5,"s596":1.0,"s597":2.0,"s598":2.2857142857,"s601":2.2857142857,"s602":2.5714285714,"s604":1.3571428571,"s605":2.9285714286,"s606":1.2142857143,"s607":1.6428571429,"s608":1.9285714286,"s609":1.4285714286,"s611":2.4285714286,"s612":2.3571428571,"s613":3.2142857143,"s614":2.1428571429,"s615":1.7857142857,"s616":1.0,"s617":1.8571428571,"s618":1.9285714286,"s619":2.5714285714,"s621":2.0714285714,"s622":1.4285714286,"s624":1.5714285714,"s626":2.6428571429,"s627":1.3571428571,"s629":1.2142857143,"s631":2.3571428571,"s633":1.9285714286,"s634":1.6428571429,"s635":1.2857142857,"s636":2.7857142857,"s637":1.4285714286,"s640":1.8571428571,"s641":1.1428571429,"s642":1.2142857143,"s644":3.0,"s645":1.7857142857,"s646":3.7857142857,"s647":1.7857142857,"s648":1.4285714286,"s649":1.0},"sensation_seeking":{"s130":1.75,"s251":2.6666666667,"s358":3.5,"s445":2.9166666667,"s465":3.25,"s471":2.8333333333,"s483":2.6666666667,"s491":2.25,"s495":2.25,"s497":2.6666666667,"s499":2.25,"s512":2.4166666667,"s519":3.5,"s524":2.25,"s526":1.5833333333,"s541":2.25,"s546":3.0,"s548":3.0,"s549":2.5833333333,"s553":2.3333333333,"s554":2.25,"s555":3.1666666667,"s556":4.0,"s557":1.9166666667,"s561":2.6666666667,"s570":2.9166666667,"s572":2.75,"s573":2.3333333333,"s574":3.5833333333,"s577":3.5,"s581":2.8333333333,"s583":3.3333333333,"s584":2.6666666667,"s585":2.8333333333,"s586":2.9166666667,"s587":2.6666666667,"s588":3.0,"s589":3.25,"s590":3.0833333333,"s593":2.8333333333,"s594":3.5,"s595":2.0833333333,"s596":2.75,"s597":2.9166666667,"s598":2.4166666667,"s601":2.5833333333,"s602":3.5,"s604":2.3333333333,"s605":3.9166666667,"s606":3.1666666667,"s607":2.0833333333,"s608":2.4166666667,"s609":2.9166666667,"s611":1.9166666667,"s612":2.8333333333,"s613":2.5,"s614":3.4166666667,"s615":3.9166666667,"s616":3.0833333333,"s617":2.9166666667,"s618":3.25,"s619":2.75,"s621":2.4166666667,"s622":3.0833333333,"s624":3.0,"s626":2.9166666667,"s627":3.0833333333,"s629":2.75,"s631":3.9166666667,"s633":2.5833333333,"s634":2.8333333333,"s635":2.4166666667,"s636":2.9166666667,"s637":3.4166666667,"s640":2.6666666667,"s641":2.5833333333,"s642":3.0833333333,"s644":3.25,"s645":3.0833333333,"s646":3.5,"s647":3.0,"s648":1.9166666667,"s649":1.9166666667}}