{"neutral_probability":{"s130":0.8066187305,"s172":0.8684241622,"s251":0.1349080446,"s358":0.8959030026,"s373":0.8722340719,"s445":0.8644119559,"s465":0.2043036885,"s471":0.8687082814,"s483":0.8742947699,"s491":0.2791206546,"s495":0.8245568127,"s497":0.8792745055,"s499":0.1998967574,"s512":0.2384570431,"s519":0.5843955225,"s526":0.1460336782,"s541":0.5626039922,"s546":0.1168813711,"s548":0.2267024943,"s549":0.1643518844,"s553":0.83083749,"s554":0.8513549121,"s555":0.8001659335,"s556":0.8939293807,"s557":0.1486577964,"s561":0.82900109,"s570":0.3270190964,"s572":0.1201304411,"s573":0.8335189413,"s574":0.6419125135,"s579":0.8745826951,"s581":0.1812172178,"s582":0.1147494946,"s583":0.6300319284,"s584":0.1960583127,"s585":0.7979128836,"s586":0.1603592886,"s587":0.3642705517,"s589":0.8436956752,"s593":0.1221876321,"s594":0.9084467919,"s595":0.6506626944,"s596":0.4305953518,"s597":0.8223739102,"s598":0.8588102445,"s601":0.8257162117,"s602":0.1117514668,"s604":0.7881954644,"s605":0.4206337318,"s606":0.622063422,"s607":0.7919028558,"s608":0.8272436815,"s609":0.8672821408,"s611":0.3894651663,"s612":0.9441858127,"s613":0.4671599213,"s615":0.1632297888,"s616":0.8395694759,"s617":0.8343674348,"s618":0.4098971222,"s619":0.173902659,"s621":0.1701522787,"s622":0.8600618368,"s624":0.5207724427,"s626":0.4575616374,"s627":0.8385841127,"s628":0.9099799239,"s629":0.8553843611,"s631":0.2043837666,"s633":0.1687618735,"s634":0.8692237718,"s635":0.87996626,"s636":0.4872158891,"s637":0.8190766994,"s638":0.1999424053,"s640":0.1266085179,"s641":0.8352770876,"s642":0.1203217782,"s644":0.8602396503,"s645":0.5935462677,"s646":0.5340847371,"s647":0.1837536854,"s648":0.8679890671,"s649":0.8989098045},"positive_probability":{"s130":0.409298362,"s172":0.2504469146,"s251":0.1822075693,"s358":0.4431999285,"s373":0.4027759495,"s445":0.3401182626,"s465":0.3142665165,"s471":0.3739587471,"s483":0.4780169366,"s491":0.3446379128,"s495":0.4094835346,"s497":0.3699136021,"s499":0.3080438594,"s512":0.2239972745,"s519":0.3824624446,"s526":0.8527215385,"s541":0.1838705044,"s546":0.2070585655,"s548":0.3630828068,"s549":0.1475838908,"s553":0.3871539649,"s554":0.2048830082,"s555":0.5360006371,"s556":0.7553309773,"s557":0.3781859406,"s561":0.3047287849,"s570":0.565109937,"s572":0.5376129523,"s573":0.5850429919,"s574":0.1545066404,"s579":0.255212935,"s581":0.1974064382,"s582":0.4802941497,"s583":0.3438783778,"s584":0.6431057075,"s585":0.5455911633,"s586":0.2839244543,"s587":0.3992635486,"s589":0.6725318633,"s593":0.9152970654,"s594":0.2240374898,"s595":0.2877050508,"s596":0.3350592382,"s597":0.2226261365,"s598":0.1693346122,"s601":0.3578093886,"s602":0.3922665156,"s604":0.8827055179,"s605":0.3860794366,"s606":0.5084874317,"s607":0.4422587793,"s608":0.781594122,"s609":0.5671343258,"s611":0.4348520018,"s612":0.331247593,"s613":0.3873312584,"s615":0.2020965253,"s616":0.1670982601,"s617":0.3264947712,"s618":0.2069282866,"s619":0.6183293277,"s621":0.2457625074,"s622":0.1846167501,"s624":0.4621783186,"s626":0.3327547587,"s627":0.7638897815,"s628":0.3828754322,"s629":0.3085895166,"s631":0.4161997174,"s633":0.3381756646,"s634":0.4044280398,"s635":0.4075630242,"s636":0.2674011514,"s637":0.2092516818,"s638":0.3355927974,"s640":0.3701447745,"s641":0.4439991583,"s642":0.3695891346,"s644":0.6369812693,"s645":0.4843222221,"s646":0.7608081174,"s647":0.5996538201,"s648":0.2421182813,"s649":0.407730312},"sentiment_label":{"s130":"neutral","s172":"neutral","s251":"neg","s358":"neutral","s373":"neutral","s445":"neutral","s465":"neg","s471":"neutral","s483":"neutral","s491":"neg","s495":"neutral","s497":"neutral","s499":"neg","s512":"neg","s519":"neutral","s526":"pos","s541":"neutral","s546":"neg","s548":"neg","s549":"neg","s553":"neutral","s554":"neutral","s555":"neutral","s556":"neutral","s557":"neg","s561":"neutral","s570":"pos","s572":"pos","s573":"neutral","s574":"neutral","s579":"neutral","s581":"neg","s582":"neg","s583":"neutral","s584":"pos","s585":"neutral","s586":"neg","s587":"neg","s589":"neutral","s593":"pos","s594":"neutral","s595":"neutral","s596":"neg","s597":"neutral","s598":"neutral","s601":"neutral","s602":"neg","s604":"neutral","s605":"neg","s606":"neutral","s607":"neutral","s608":"neutral","s609":"neutral","s611":"neg","s612":"neutral","s613":"neg","s615":"neg","s616":"neutral","s617":"neutral","s618":"neg","s619":"pos","s621":"neg","s622":"neutral","s624":"neutral","s626":"neg","s627":"neutral","s628":"neutral","s629":"neutral","s631":"neg","s633":"neg","s634":"neutral","s635":"neutral","s636":"neg","s637":"neutral","s638":"neg","s640":"neg","s641":"neutral","s642":"neg","s644":"neutral","s645":"neutral","s646":"neutral","s647":"pos","s648":"neutral","s649":"neutral"}}